network,country,country_code,continent,continent_code,asn,as_name,as_domain,type
2001:470:d:10b3::/64,Iran,IR,Asia,AS,AS6939,Hurricane Electric LLC,he.net,global_cdn_edge
2001:470:d:12d9::/64,Iran,IR,Asia,AS,AS6939,Hurricane Electric LLC,he.net,global_cdn_edge
2001:470:19:4::/64,Iran,IR,Asia,AS,AS6939,Hurricane Electric LLC,he.net,global_cdn_edge
2001:470:19:a43::/64,Iran,IR,Asia,AS,AS6939,Hurricane Electric LLC,he.net,global_cdn_edge
2001:470:19:cc7::/64,Iran,IR,Asia,AS,AS6939,Hurricane Electric LLC,he.net,global_cdn_edge
2001:470:19:1133::/64,Iran,IR,Asia,AS,AS6939,Hurricane Electric LLC,he.net,global_cdn_edge
2001:470:24:c9::/64,Iran,IR,Asia,AS,AS6939,Hurricane Electric LLC,he.net,global_cdn_edge
2001:470:24:49f::/64,Iran,IR,Asia,AS,AS6939,Hurricane Electric LLC,he.net,global_cdn_edge
2001:470:24:4c5::/64,Iran,IR,Asia,AS,AS6939,Hurricane Electric LLC,he.net,global_cdn_edge
2001:470:24:510::/64,Iran,IR,Asia,AS,AS6939,Hurricane Electric LLC,he.net,global_cdn_edge
2001:470:36:22d::/64,Iran,IR,Asia,AS,AS6939,Hurricane Electric LLC,he.net,global_cdn_edge
2001:470:36:1043::/64,Iran,IR,Asia,AS,AS6939,Hurricane Electric LLC,he.net,global_cdn_edge
2001:470:36:125e::/64,Iran,IR,Asia,AS,AS6939,Hurricane Electric LLC,he.net,global_cdn_edge
2001:470:36:12f8::/64,Iran,IR,Asia,AS,AS6939,Hurricane Electric LLC,he.net,global_cdn_edge
2001:470:1f0b:265::/64,Iran,IR,Asia,AS,AS6939,Hurricane Electric LLC,he.net,global_cdn_edge
2001:470:1f29:21a::/64,Iran,IR,Asia,AS,AS6939,Hurricane Electric LLC,he.net,global_cdn_edge
2001:470:482d::/48,Iran,IR,Asia,AS,AS6939,Hurricane Electric LLC,he.net,global_cdn_edge
2001:470:72e3::/48,Iran,IR,Asia,AS,AS6939,Hurricane Electric LLC,he.net,global_cdn_edge
2001:470:8325::/48,Iran,IR,Asia,AS,AS6939,Hurricane Electric LLC,he.net,global_cdn_edge
2001:470:8825::/48,Iran,IR,Asia,AS,AS6939,Hurricane Electric LLC,he.net,global_cdn_edge
2001:470:f39a:980::/64,Iran,IR,Asia,AS,AS6939,Hurricane Electric LLC,he.net,global_cdn_edge
2001:470:f5b7:980::/64,Iran,IR,Asia,AS,AS6939,Hurricane Electric LLC,he.net,global_cdn_edge
2001:470:f674::/48,Iran,IR,Asia,AS,AS6939,Hurricane Electric LLC,he.net,global_cdn_edge
2001:470:f700::/48,Iran,IR,Asia,AS,AS6939,Hurricane Electric LLC,he.net,global_cdn_edge
2001:470:f802::/48,Iran,IR,Asia,AS,AS6939,Hurricane Electric LLC,he.net,global_cdn_edge
2001:470:f873:980::/64,Iran,IR,Asia,AS,AS6939,Hurricane Electric LLC,he.net,global_cdn_edge
2001:470:f87e::/48,Iran,IR,Asia,AS,AS6939,Hurricane Electric LLC,he.net,global_cdn_edge
2001:470:f8f9:980::/64,Iran,IR,Asia,AS,AS6939,Hurricane Electric LLC,he.net,global_cdn_edge
2001:470:fc9b::/48,Iran,IR,Asia,AS,AS6939,Hurricane Electric LLC,he.net,global_cdn_edge
2001:470:fcce:980::/64,Iran,IR,Asia,AS,AS6939,Hurricane Electric LLC,he.net,global_cdn_edge
2001:470:fe94::/48,Iran,IR,Asia,AS,AS6939,Hurricane Electric LLC,he.net,global_cdn_edge
2001:470:feb7::/48,Iran,IR,Asia,AS,AS6939,Hurricane Electric LLC,he.net,global_cdn_edge
2001:470:fecd::/48,Iran,IR,Asia,AS,AS6939,Hurricane Electric LLC,he.net,global_cdn_edge
2001:678:119c::/48,United Kingdom,GB,Europe,EU,AS213565,Badonde Networks,icloud.com,unknown
2001:67c:a38:f098::/64,Iran,IR,Asia,AS,AS204186,BILLY Remi,billysworld.fr,global_cdn_edge
2001:df1:f40::/48,Japan,JP,Asia,AS,AS62184,Michal Nowak,pm.me,unknown
2001:16c0:6::/47,Iran,IR,Asia,AS,AS31732,Parsun Network Solutions PTY LTD,parsun.com,global_cdn_edge
2001:16c0:8::/48,Iran,IR,Asia,AS,AS31732,Parsun Network Solutions PTY LTD,parsun.com,global_cdn_edge
2001:16c0:53::/48,Iran,IR,Asia,AS,AS31732,Parsun Network Solutions PTY LTD,parsun.com,global_cdn_edge
2001:16c0:1235::/48,Iran,IR,Asia,AS,AS31732,Parsun Network Solutions PTY LTD,parsun.com,global_cdn_edge
2001:16c0:5000::/48,Iran,IR,Asia,AS,AS31732,Parsun Network Solutions PTY LTD,parsun.com,global_cdn_edge
2001:16c0:fefc::/47,Iran,IR,Asia,AS,AS31732,Parsun Network Solutions PTY LTD,parsun.com,global_cdn_edge
2001:3786:5006:500::/56,Iran,IR,Asia,AS,AS205563,zGato Global Network,zgato.dev,global_cdn_edge
2001:3786:5007:500::/56,Iran,IR,Asia,AS,AS205563,zGato Global Network,zgato.dev,global_cdn_edge
2001:3786:bb02:400::/56,Iran,IR,Asia,AS,AS205563,zGato Global Network,zgato.dev,global_cdn_edge
2001:4188::/48,Iran,IR,Asia,AS,AS12880,Iran Information Technology Company PJSC,tic.ir,business
2001:4188:1b::/48,Iran,IR,Asia,AS,AS49666,Telecommunication Infrastructure Company,tic.ir,isp
2001:4860:7:214::/64,Iran,IR,Asia,AS,AS15169,Google LLC,google.com,global_cdn_edge
2001:4860:7:614::/64,Iran,IR,Asia,AS,AS15169,Google LLC,google.com,global_cdn_edge
2001:4860:7:1414::/64,Iran,IR,Asia,AS,AS15169,Google LLC,google.com,global_cdn_edge
2001:4860:7:1514::/64,Iran,IR,Asia,AS,AS15169,Google LLC,google.com,global_cdn_edge
2001:4860:7:1614::/64,Iran,IR,Asia,AS,AS15169,Google LLC,google.com,global_cdn_edge
2001:4860:7:1714::/64,Iran,IR,Asia,AS,AS15169,Google LLC,google.com,global_cdn_edge
2001:4b08:4:4::/64,Iran,IR,Asia,AS,AS29452,Secura Hosting Ltd,node4.co.uk,global_cdn_edge
2001:4b28:6100::/40,Iran,IR,Asia,AS,AS6775,Andreas Fink trading as Fink Telecom Services GmbH,fink-telecom.com,global_cdn_edge
2401:f1e0:ffff:5e69::/64,Iran,IR,Asia,AS,AS38136,Akari Networks,akari.hk,global_cdn_edge
2405:2300:ff00::/47,United States,US,North America,NA,AS13443,LinkedIn Corporation,linkedin.com,unknown
2405:2300:ff02::/48,India,IN,Asia,AS,AS13443,LinkedIn Corporation,linkedin.com,unknown
2405:2300:ff03::/48,United States,US,North America,NA,AS13443,LinkedIn Corporation,linkedin.com,unknown
2405:2300:ff04::/47,United States,US,North America,NA,AS13443,LinkedIn Corporation,linkedin.com,unknown
2405:2300:ff06::/47,Australia,AU,Oceania,OC,AS13443,LinkedIn Corporation,linkedin.com,unknown
2405:2300:ff08::/48,Singapore,SG,Asia,AS,AS13443,LinkedIn Corporation,linkedin.com,unknown
2405:2300:ff09::/48,Hong Kong,HK,Asia,AS,AS13443,LinkedIn Corporation,linkedin.com,unknown
2405:2300:ff0a::/47,United States,US,North America,NA,AS13443,LinkedIn Corporation,linkedin.com,unknown
2405:2300:ff0c::/48,India,IN,Asia,AS,AS13443,LinkedIn Corporation,linkedin.com,unknown
2405:2300:ff0d::/48,United States,US,North America,NA,AS13443,LinkedIn Corporation,linkedin.com,unknown
2405:2300:ff0e::/47,United States,US,North America,NA,AS13443,LinkedIn Corporation,linkedin.com,unknown
2405:2300:ff10::/48,Japan,JP,Asia,AS,AS13443,LinkedIn Corporation,linkedin.com,unknown
2405:2300:ff11::/48,United States,US,North America,NA,AS13443,LinkedIn Corporation,linkedin.com,unknown
2405:2300:ff12::/47,United States,US,North America,NA,AS13443,LinkedIn Corporation,linkedin.com,unknown
2405:2300:ff14::/46,United States,US,North America,NA,AS13443,LinkedIn Corporation,linkedin.com,unknown
2405:2300:ff18::/45,United States,US,North America,NA,AS13443,LinkedIn Corporation,linkedin.com,unknown
2405:2300:ff20::/43,United States,US,North America,NA,AS13443,LinkedIn Corporation,linkedin.com,unknown
2405:2300:ff40::/47,United States,US,North America,NA,AS13443,LinkedIn Corporation,linkedin.com,unknown
2405:2300:ff42::/49,United States,US,North America,NA,AS13443,LinkedIn Corporation,linkedin.com,unknown
2405:2300:ff42:8000::/50,United States,US,North America,NA,AS13443,LinkedIn Corporation,linkedin.com,unknown
2405:2300:ff42:c000::/51,United States,US,North America,NA,AS13443,LinkedIn Corporation,linkedin.com,unknown
2405:2300:ff42:e000::/64,India,IN,Asia,AS,AS13443,LinkedIn Corporation,linkedin.com,unknown
2405:2300:ff42:e001::/64,United States,US,North America,NA,AS13443,LinkedIn Corporation,linkedin.com,unknown
2405:2300:ff42:e002::/63,United States,US,North America,NA,AS13443,LinkedIn Corporation,linkedin.com,unknown
2405:2300:ff42:e004::/62,United States,US,North America,NA,AS13443,LinkedIn Corporation,linkedin.com,unknown
2405:2300:ff42:e008::/63,United States,US,North America,NA,AS13443,LinkedIn Corporation,linkedin.com,unknown
2405:2300:ff42:e00a::/64,India,IN,Asia,AS,AS13443,LinkedIn Corporation,linkedin.com,unknown
2405:2300:ff42:e00b::/64,United States,US,North America,NA,AS13443,LinkedIn Corporation,linkedin.com,unknown
2405:2300:ff42:e00c::/62,United States,US,North America,NA,AS13443,LinkedIn Corporation,linkedin.com,unknown
2405:2300:ff42:e010::/60,United States,US,North America,NA,AS13443,LinkedIn Corporation,linkedin.com,unknown
2405:2300:ff42:e020::/59,United States,US,North America,NA,AS13443,LinkedIn Corporation,linkedin.com,unknown
2405:2300:ff42:e040::/58,United States,US,North America,NA,AS13443,LinkedIn Corporation,linkedin.com,unknown
2405:2300:ff42:e080::/57,United States,US,North America,NA,AS13443,LinkedIn Corporation,linkedin.com,unknown
2405:2300:ff42:e100::/56,United States,US,North America,NA,AS13443,LinkedIn Corporation,linkedin.com,unknown
2405:2300:ff42:e200::/55,United States,US,North America,NA,AS13443,LinkedIn Corporation,linkedin.com,unknown
2405:2300:ff42:e400::/54,United States,US,North America,NA,AS13443,LinkedIn Corporation,linkedin.com,unknown
2405:2300:ff42:e800::/53,United States,US,North America,NA,AS13443,LinkedIn Corporation,linkedin.com,unknown
2405:2300:ff42:f000::/52,United States,US,North America,NA,AS13443,LinkedIn Corporation,linkedin.com,unknown
2405:2300:ff43::/48,United States,US,North America,NA,AS13443,LinkedIn Corporation,linkedin.com,unknown
2405:2300:ff44::/47,United States,US,North America,NA,AS13443,LinkedIn Corporation,linkedin.com,unknown
2405:2300:ff46::/48,Japan,JP,Asia,AS,AS13443,LinkedIn Corporation,linkedin.com,unknown
2405:2300:ff47::/48,United States,US,North America,NA,AS13443,LinkedIn Corporation,linkedin.com,unknown
2405:2300:ff48::/45,United States,US,North America,NA,AS13443,LinkedIn Corporation,linkedin.com,unknown
2405:2300:ff50::/44,United States,US,North America,NA,AS13443,LinkedIn Corporation,linkedin.com,unknown
2405:2300:ff60::/44,United States,US,North America,NA,AS13443,LinkedIn Corporation,linkedin.com,unknown
2405:2300:ff70::/47,United States,US,North America,NA,AS13443,LinkedIn Corporation,linkedin.com,unknown
2405:2300:ff72::/61,United States,US,North America,NA,AS13443,LinkedIn Corporation,linkedin.com,unknown
2405:2300:ff72:8::/64,India,IN,Asia,AS,AS13443,LinkedIn Corporation,linkedin.com,unknown
2405:2300:ff72:9::/64,United States,US,North America,NA,AS13443,LinkedIn Corporation,linkedin.com,unknown
2405:2300:ff72:a::/63,United States,US,North America,NA,AS13443,LinkedIn Corporation,linkedin.com,unknown
2405:2300:ff72:c::/62,United States,US,North America,NA,AS13443,LinkedIn Corporation,linkedin.com,unknown
2405:2300:ff72:10::/60,United States,US,North America,NA,AS13443,LinkedIn Corporation,linkedin.com,unknown
2405:2300:ff72:20::/59,United States,US,North America,NA,AS13443,LinkedIn Corporation,linkedin.com,unknown
2405:2300:ff72:40::/58,United States,US,North America,NA,AS13443,LinkedIn Corporation,linkedin.com,unknown
2405:2300:ff72:80::/57,United States,US,North America,NA,AS13443,LinkedIn Corporation,linkedin.com,unknown
2405:2300:ff72:100::/56,United States,US,North America,NA,AS13443,LinkedIn Corporation,linkedin.com,unknown
2405:2300:ff72:200::/55,United States,US,North America,NA,AS13443,LinkedIn Corporation,linkedin.com,unknown
2405:2300:ff72:400::/54,United States,US,North America,NA,AS13443,LinkedIn Corporation,linkedin.com,unknown
2405:2300:ff72:800::/53,United States,US,North America,NA,AS13443,LinkedIn Corporation,linkedin.com,unknown
2405:2300:ff72:1000::/52,United States,US,North America,NA,AS13443,LinkedIn Corporation,linkedin.com,unknown
2405:2300:ff72:2000::/51,United States,US,North America,NA,AS13443,LinkedIn Corporation,linkedin.com,unknown
2405:2300:ff72:4000::/50,United States,US,North America,NA,AS13443,LinkedIn Corporation,linkedin.com,unknown
2405:2300:ff72:8000::/49,United States,US,North America,NA,AS13443,LinkedIn Corporation,linkedin.com,unknown
2405:2300:ff73::/48,United States,US,North America,NA,AS13443,LinkedIn Corporation,linkedin.com,unknown
2405:2300:ff74::/48,United States,US,North America,NA,AS13443,LinkedIn Corporation,linkedin.com,unknown
2405:2300:ff75::/48,Singapore,SG,Asia,AS,AS13443,LinkedIn Corporation,linkedin.com,unknown
2405:2300:ff76::/48,Japan,JP,Asia,AS,AS13443,LinkedIn Corporation,linkedin.com,unknown
2405:2300:ff77::/48,United States,US,North America,NA,AS13443,LinkedIn Corporation,linkedin.com,unknown
2405:2300:ff78::/45,United States,US,North America,NA,AS13443,LinkedIn Corporation,linkedin.com,unknown
2405:2300:ff80::/42,United States,US,North America,NA,AS13443,LinkedIn Corporation,linkedin.com,unknown
2405:2300:ffc0::/45,United States,US,North America,NA,AS13443,LinkedIn Corporation,linkedin.com,unknown
2405:2300:ffc8::/46,United States,US,North America,NA,AS13443,LinkedIn Corporation,linkedin.com,unknown
2405:2300:ffcc::/48,United States,US,North America,NA,AS13443,LinkedIn Corporation,linkedin.com,unknown
2405:2300:ffcd::/48,China,CN,Asia,AS,AS13443,LinkedIn Corporation,linkedin.com,unknown
2405:2300:ffce::/48,Singapore,SG,Asia,AS,AS13443,LinkedIn Corporation,linkedin.com,unknown
2405:2300:ffcf::/48,United States,US,North America,NA,AS13443,LinkedIn Corporation,linkedin.com,unknown
2405:2300:ffd0::/44,United States,US,North America,NA,AS13443,LinkedIn Corporation,linkedin.com,unknown
2405:2300:ffe0::/43,United States,US,North America,NA,AS13443,LinkedIn Corporation,linkedin.com,unknown
2405:b500:3800::/64,Iran,IR,Asia,AS,AS13335,"Cloudflare, Inc.",cloudflare.com,global_cdn_edge
2405:b500:3800:10::/64,Iran,IR,Asia,AS,AS13335,"Cloudflare, Inc.",cloudflare.com,global_cdn_edge
2405:b500:3800:18::/64,Iran,IR,Asia,AS,AS13335,"Cloudflare, Inc.",cloudflare.com,global_cdn_edge
2405:b500:3820::/64,Iran,IR,Asia,AS,AS13335,"Cloudflare, Inc.",cloudflare.com,global_cdn_edge
2405:b500:3820:10::/64,Iran,IR,Asia,AS,AS13335,"Cloudflare, Inc.",cloudflare.com,global_cdn_edge
2405:b500:3820:18::/64,Iran,IR,Asia,AS,AS13335,"Cloudflare, Inc.",cloudflare.com,global_cdn_edge
2405:b500:3840::/64,Iran,IR,Asia,AS,AS13335,"Cloudflare, Inc.",cloudflare.com,global_cdn_edge
2405:b500:3840:10::/64,Iran,IR,Asia,AS,AS13335,"Cloudflare, Inc.",cloudflare.com,global_cdn_edge
2405:b500:3840:18::/64,Iran,IR,Asia,AS,AS13335,"Cloudflare, Inc.",cloudflare.com,global_cdn_edge
2405:b500:3860::/64,Iran,IR,Asia,AS,AS13335,"Cloudflare, Inc.",cloudflare.com,global_cdn_edge
2405:b500:3860:10::/64,Iran,IR,Asia,AS,AS13335,"Cloudflare, Inc.",cloudflare.com,global_cdn_edge
2405:b500:3860:18::/64,Iran,IR,Asia,AS,AS13335,"Cloudflare, Inc.",cloudflare.com,global_cdn_edge
2406:840:fed8::/48,China,CN,Asia,AS,AS142642,Atonal System,icloud.com,unknown
2600:70ff:a6de::/48,Iran,IR,Asia,AS,AS6939,Hurricane Electric LLC,he.net,global_cdn_edge
2600:70ff:a7a2::/48,Iran,IR,Asia,AS,AS6939,Hurricane Electric LLC,he.net,global_cdn_edge
2600:70ff:a88b::/48,Iran,IR,Asia,AS,AS6939,Hurricane Electric LLC,he.net,global_cdn_edge
2600:70ff:abc6::/48,Iran,IR,Asia,AS,AS6939,Hurricane Electric LLC,he.net,global_cdn_edge
2600:70ff:d0b6::/48,Iran,IR,Asia,AS,AS6939,Hurricane Electric LLC,he.net,global_cdn_edge
2602:f54e:1::/48,China,CN,Asia,AS,AS402004,"Rui Sun, Sole Proprietorship",icloud.com,unknown
2602:f54e:2::/48,United States,US,North America,NA,AS402004,"Rui Sun, Sole Proprietorship",icloud.com,unknown
2602:f92a:1314::/48,China,CN,Asia,AS,AS204518,Shiyu Zhou,icloud.com,unknown
2602:f9a9:102::/48,Japan,JP,Asia,AS,AS63008,SIMPLE CLOUD SOLUTION LLC,haeimalan.com,unknown
2602:f9a9:103::/48,Taiwan,TW,Asia,AS,AS63008,SIMPLE CLOUD SOLUTION LLC,haeimalan.com,unknown
2602:f9a9:201::/48,United States,US,North America,NA,AS63008,SIMPLE CLOUD SOLUTION LLC,haeimalan.com,unknown
2602:f9a9:301::/48,United States,US,North America,NA,AS397968,SIMPLE CLOUD SOLUTION LLC,icloud.com,unknown
2602:fafd:f04::/64,United States,US,North America,NA,AS204789,BIZBETA LTD,pm.me,unknown
2602:fafd:f04:1::/64,Singapore,SG,Asia,AS,AS204789,BIZBETA LTD,pm.me,unknown
2602:fafd:f04:2::/63,Singapore,SG,Asia,AS,AS204789,BIZBETA LTD,pm.me,unknown
2602:fafd:f04:4::/62,Singapore,SG,Asia,AS,AS204789,BIZBETA LTD,pm.me,unknown
2602:fafd:f04:8::/61,Singapore,SG,Asia,AS,AS204789,BIZBETA LTD,pm.me,unknown
2602:fafd:f04:10::/60,Singapore,SG,Asia,AS,AS204789,BIZBETA LTD,pm.me,unknown
2602:fafd:f04:20::/59,Singapore,SG,Asia,AS,AS204789,BIZBETA LTD,pm.me,unknown
2602:fafd:f04:40::/58,Singapore,SG,Asia,AS,AS204789,BIZBETA LTD,pm.me,unknown
2602:fafd:f04:80::/57,Singapore,SG,Asia,AS,AS204789,BIZBETA LTD,pm.me,unknown
2602:fafd:f04:100::/56,Singapore,SG,Asia,AS,AS204789,BIZBETA LTD,pm.me,unknown
2602:fafd:f04:200::/55,Singapore,SG,Asia,AS,AS204789,BIZBETA LTD,pm.me,unknown
2602:fafd:f04:400::/54,Singapore,SG,Asia,AS,AS204789,BIZBETA LTD,pm.me,unknown
2602:fafd:f04:800::/53,Singapore,SG,Asia,AS,AS204789,BIZBETA LTD,pm.me,unknown
2602:fafd:f04:1000::/52,Singapore,SG,Asia,AS,AS204789,BIZBETA LTD,pm.me,unknown
2602:fafd:f04:2000::/51,Singapore,SG,Asia,AS,AS204789,BIZBETA LTD,pm.me,unknown
2602:fafd:f04:4000::/50,Singapore,SG,Asia,AS,AS204789,BIZBETA LTD,pm.me,unknown
2602:fafd:f04:8000::/49,Singapore,SG,Asia,AS,AS204789,BIZBETA LTD,pm.me,unknown
2606:54c0:4130::/44,Iran,IR,Asia,AS,AS13335,"Cloudflare, Inc.",cloudflare.com,global_cdn_edge
2606:54c0:4140::/45,Iran,IR,Asia,AS,AS13335,"Cloudflare, Inc.",cloudflare.com,global_cdn_edge
2606:54c3:0:7c6::/64,Iran,IR,Asia,AS,AS13335,"Cloudflare, Inc.",cloudflare.com,global_cdn_edge
2606:54c3:0:1754::/64,Iran,IR,Asia,AS,AS13335,"Cloudflare, Inc.",cloudflare.com,global_cdn_edge
2606:54c3:0:1847::/64,Iran,IR,Asia,AS,AS13335,"Cloudflare, Inc.",cloudflare.com,global_cdn_edge
2620:109:c001::/48,United States,US,North America,NA,AS14413,LinkedIn Corporation,linkedin.com,unknown
2620:109:c002::/48,United States,US,North America,NA,AS14413,LinkedIn Corporation,linkedin.com,unknown
2620:109:c003::/48,United States,US,North America,NA,AS40793,LinkedIn Corporation,linkedin.com,unknown
2620:109:c006::/48,United States,US,North America,NA,AS55163,LinkedIn Corporation,linkedin.com,unknown
2620:109:c00a::/48,United States,US,North America,NA,AS14413,LinkedIn Corporation,linkedin.com,unknown
2620:119:5000::/42,United States,US,North America,NA,AS13443,LinkedIn Corporation,linkedin.com,unknown
2620:119:5041::/48,United States,US,North America,NA,AS13443,LinkedIn Corporation,linkedin.com,unknown
2620:119:5043::/48,United States,US,North America,NA,AS13443,LinkedIn Corporation,linkedin.com,unknown
2620:119:5044::/47,United States,US,North America,NA,AS13443,LinkedIn Corporation,linkedin.com,unknown
2620:119:5053::/48,United States,US,North America,NA,AS13443,LinkedIn Corporation,linkedin.com,unknown
2620:119:5070::/47,United States,US,North America,NA,AS13443,LinkedIn Corporation,linkedin.com,unknown
2620:119:5073::/48,United States,US,North America,NA,AS13443,LinkedIn Corporation,linkedin.com,unknown
2620:119:5074::/47,United States,US,North America,NA,AS13443,LinkedIn Corporation,linkedin.com,unknown
2620:119:50c0::/48,United States,US,North America,NA,AS14413,LinkedIn Corporation,linkedin.com,unknown
2620:119:50d2::/48,United States,US,North America,NA,AS13443,LinkedIn Corporation,linkedin.com,unknown
2620:119:50e5::/48,United States,US,North America,NA,AS14413,LinkedIn Corporation,linkedin.com,unknown
2620:119:50e6::/47,United States,US,North America,NA,AS14413,LinkedIn Corporation,linkedin.com,unknown
2620:119:50e8::/48,United States,US,North America,NA,AS14413,LinkedIn Corporation,linkedin.com,unknown
2620:119:50ea::/48,United States,US,North America,NA,AS14413,LinkedIn Corporation,linkedin.com,unknown
2804:1b84::/32,Brazil,BR,South America,SA,AS61732,PRECISA INTERNET E COMUNICAÇÃO LTDA,icloud.com,unknown
2804:2e30::/32,Brazil,BR,South America,SA,AS265330,Ponto a Ponto Telecomunicaçoes,ptptelecom.com.br,unknown
2804:6524::/32,Brazil,BR,South America,SA,AS269471,LEHMKUHLL e ANTONELLI LTDA-ME,icloud.com,unknown
2804:7060::/32,Brazil,BR,South America,SA,AS270723,Poecom Telecom LTDA.,icloud.com,unknown
2804:78f4::/32,Brazil,BR,South America,SA,AS271276,K C C MATIAS-ME,icloud.com,unknown
2804:8758::/32,Brazil,BR,South America,SA,AS272703,MYLINK SERVICO DE COMUNICACAO MULTIMIDIA EIRELI,icloud.com,unknown
2804:8c00::/32,Brazil,BR,South America,SA,AS273773,UP TELECOMUNICAÇÕES,icloud.com,unknown
2804:8f80::/32,Brazil,BR,South America,SA,AS273494,"ROCHA, VIEIRA E CAMINHA LTDA",icloud.com,unknown
2804:958c::/32,Brazil,BR,South America,SA,AS274529,M.O. SERVICOS DE TELECOMUNICACOES LTDA,icloud.com,unknown
2a00:5540:1::/48,Iran,IR,Asia,AS,AS50763,MCKAYCOM Wireless,as50763.net,global_cdn_edge
2a01:130:10::/48,Iran,IR,Asia,AS,AS8495,INTERNET AG Global Network,inet.de,global_cdn_edge
2a01:528:6100::/40,Iran,IR,Asia,AS,AS6775,Andreas Fink trading as Fink Telecom Services GmbH,fink-telecom.com,global_cdn_edge
2a01:e140::/64,The Netherlands,NL,Europe,EU,AS214145,Seyed Pouria Mousavizadeh Tehrani,spmzt.net,hosting
2a01:e140:0:1::/64,Iran,IR,Asia,AS,AS214145,Seyed Pouria Mousavizadeh Tehrani,spmzt.net,hosting
2a01:e140:0:2::/63,Iran,IR,Asia,AS,AS214145,Seyed Pouria Mousavizadeh Tehrani,spmzt.net,hosting
2a01:e140:0:4::/62,Iran,IR,Asia,AS,AS214145,Seyed Pouria Mousavizadeh Tehrani,spmzt.net,hosting
2a01:e140:0:8::/61,Iran,IR,Asia,AS,AS214145,Seyed Pouria Mousavizadeh Tehrani,spmzt.net,hosting
2a01:e140:0:10::/60,Iran,IR,Asia,AS,AS214145,Seyed Pouria Mousavizadeh Tehrani,spmzt.net,hosting
2a01:e140:0:20::/59,Iran,IR,Asia,AS,AS214145,Seyed Pouria Mousavizadeh Tehrani,spmzt.net,hosting
2a01:e140:0:40::/58,Iran,IR,Asia,AS,AS214145,Seyed Pouria Mousavizadeh Tehrani,spmzt.net,hosting
2a01:e140:0:80::/57,Iran,IR,Asia,AS,AS214145,Seyed Pouria Mousavizadeh Tehrani,spmzt.net,hosting
2a01:e140:0:100::/56,Iran,IR,Asia,AS,AS214145,Seyed Pouria Mousavizadeh Tehrani,spmzt.net,hosting
2a01:e140:0:200::/55,Iran,IR,Asia,AS,AS214145,Seyed Pouria Mousavizadeh Tehrani,spmzt.net,hosting
2a01:e140:0:400::/54,Iran,IR,Asia,AS,AS214145,Seyed Pouria Mousavizadeh Tehrani,spmzt.net,hosting
2a01:e140:0:800::/53,Iran,IR,Asia,AS,AS214145,Seyed Pouria Mousavizadeh Tehrani,spmzt.net,hosting
2a01:e140:0:1000::/52,Iran,IR,Asia,AS,AS214145,Seyed Pouria Mousavizadeh Tehrani,spmzt.net,hosting
2a01:e140:0:2000::/51,Iran,IR,Asia,AS,AS214145,Seyed Pouria Mousavizadeh Tehrani,spmzt.net,hosting
2a01:e140:0:4000::/50,Iran,IR,Asia,AS,AS214145,Seyed Pouria Mousavizadeh Tehrani,spmzt.net,hosting
2a01:e140:0:8000::/49,Iran,IR,Asia,AS,AS214145,Seyed Pouria Mousavizadeh Tehrani,spmzt.net,hosting
2a01:e140:10::/64,The Netherlands,NL,Europe,EU,AS214145,Seyed Pouria Mousavizadeh Tehrani,spmzt.net,hosting
2a01:e140:10:1::/64,Germany,DE,Europe,EU,AS214145,Seyed Pouria Mousavizadeh Tehrani,spmzt.net,hosting
2a01:e140:10:2::/63,Germany,DE,Europe,EU,AS214145,Seyed Pouria Mousavizadeh Tehrani,spmzt.net,hosting
2a01:e140:10:4::/62,Germany,DE,Europe,EU,AS214145,Seyed Pouria Mousavizadeh Tehrani,spmzt.net,hosting
2a01:e140:10:8::/61,Germany,DE,Europe,EU,AS214145,Seyed Pouria Mousavizadeh Tehrani,spmzt.net,hosting
2a01:e140:10:10::/64,The Netherlands,NL,Europe,EU,AS214145,Seyed Pouria Mousavizadeh Tehrani,spmzt.net,hosting
2a01:e140:10:11::/64,Germany,DE,Europe,EU,AS214145,Seyed Pouria Mousavizadeh Tehrani,spmzt.net,hosting
2a01:e140:10:12::/63,Germany,DE,Europe,EU,AS214145,Seyed Pouria Mousavizadeh Tehrani,spmzt.net,hosting
2a01:e140:10:14::/62,Germany,DE,Europe,EU,AS214145,Seyed Pouria Mousavizadeh Tehrani,spmzt.net,hosting
2a01:e140:10:18::/61,Germany,DE,Europe,EU,AS214145,Seyed Pouria Mousavizadeh Tehrani,spmzt.net,hosting
2a01:e140:10:20::/59,Germany,DE,Europe,EU,AS214145,Seyed Pouria Mousavizadeh Tehrani,spmzt.net,hosting
2a01:e140:10:40::/58,Germany,DE,Europe,EU,AS214145,Seyed Pouria Mousavizadeh Tehrani,spmzt.net,hosting
2a01:e140:10:80::/57,Germany,DE,Europe,EU,AS214145,Seyed Pouria Mousavizadeh Tehrani,spmzt.net,hosting
2a01:e140:10:100::/56,Germany,DE,Europe,EU,AS214145,Seyed Pouria Mousavizadeh Tehrani,spmzt.net,hosting
2a01:e140:10:200::/55,Germany,DE,Europe,EU,AS214145,Seyed Pouria Mousavizadeh Tehrani,spmzt.net,hosting
2a01:e140:10:400::/54,Germany,DE,Europe,EU,AS214145,Seyed Pouria Mousavizadeh Tehrani,spmzt.net,hosting
2a01:e140:10:800::/53,Germany,DE,Europe,EU,AS214145,Seyed Pouria Mousavizadeh Tehrani,spmzt.net,hosting
2a01:e140:10:1000::/52,Germany,DE,Europe,EU,AS214145,Seyed Pouria Mousavizadeh Tehrani,spmzt.net,hosting
2a01:e140:10:2000::/51,Germany,DE,Europe,EU,AS214145,Seyed Pouria Mousavizadeh Tehrani,spmzt.net,hosting
2a01:e140:10:4000::/50,Germany,DE,Europe,EU,AS214145,Seyed Pouria Mousavizadeh Tehrani,spmzt.net,hosting
2a01:e140:10:8000::/49,Germany,DE,Europe,EU,AS214145,Seyed Pouria Mousavizadeh Tehrani,spmzt.net,hosting
2a01:e140:11::/48,Switzerland,CH,Europe,EU,AS214145,Seyed Pouria Mousavizadeh Tehrani,spmzt.net,hosting
2a01:e140:12::/63,The Netherlands,NL,Europe,EU,AS214145,Seyed Pouria Mousavizadeh Tehrani,spmzt.net,hosting
2a01:e140:12:2::/63,Germany,DE,Europe,EU,AS214145,Seyed Pouria Mousavizadeh Tehrani,spmzt.net,hosting
2a01:e140:12:4::/62,Germany,DE,Europe,EU,AS214145,Seyed Pouria Mousavizadeh Tehrani,spmzt.net,hosting
2a01:e140:12:8::/61,Germany,DE,Europe,EU,AS214145,Seyed Pouria Mousavizadeh Tehrani,spmzt.net,hosting
2a01:e140:12:10::/60,Germany,DE,Europe,EU,AS214145,Seyed Pouria Mousavizadeh Tehrani,spmzt.net,hosting
2a01:e140:12:20::/59,Germany,DE,Europe,EU,AS214145,Seyed Pouria Mousavizadeh Tehrani,spmzt.net,hosting
2a01:e140:12:40::/58,Germany,DE,Europe,EU,AS214145,Seyed Pouria Mousavizadeh Tehrani,spmzt.net,hosting
2a01:e140:12:80::/57,Germany,DE,Europe,EU,AS214145,Seyed Pouria Mousavizadeh Tehrani,spmzt.net,hosting
2a01:e140:12:100::/56,Germany,DE,Europe,EU,AS214145,Seyed Pouria Mousavizadeh Tehrani,spmzt.net,hosting
2a01:e140:12:200::/55,Germany,DE,Europe,EU,AS214145,Seyed Pouria Mousavizadeh Tehrani,spmzt.net,hosting
2a01:e140:12:400::/54,Germany,DE,Europe,EU,AS214145,Seyed Pouria Mousavizadeh Tehrani,spmzt.net,hosting
2a01:e140:12:800::/53,Germany,DE,Europe,EU,AS214145,Seyed Pouria Mousavizadeh Tehrani,spmzt.net,hosting
2a01:e140:12:1000::/52,Germany,DE,Europe,EU,AS214145,Seyed Pouria Mousavizadeh Tehrani,spmzt.net,hosting
2a01:e140:12:2000::/51,Germany,DE,Europe,EU,AS214145,Seyed Pouria Mousavizadeh Tehrani,spmzt.net,hosting
2a01:e140:12:4000::/50,Germany,DE,Europe,EU,AS214145,Seyed Pouria Mousavizadeh Tehrani,spmzt.net,hosting
2a01:e140:12:8000::/49,Germany,DE,Europe,EU,AS214145,Seyed Pouria Mousavizadeh Tehrani,spmzt.net,hosting
2a01:e140:13::/48,Germany,DE,Europe,EU,AS214145,Seyed Pouria Mousavizadeh Tehrani,spmzt.net,hosting
2a01:e140:14::/46,Germany,DE,Europe,EU,AS214145,Seyed Pouria Mousavizadeh Tehrani,spmzt.net,hosting
2a01:e140:18::/45,Germany,DE,Europe,EU,AS214145,Seyed Pouria Mousavizadeh Tehrani,spmzt.net,hosting
2a01:ffc7:301::/48,Norway,NO,Europe,EU,AS213839,FRANK SOLLI,icloud.com,unknown
2a02:26f7:e300::/50,Iran,IR,Asia,AS,AS20940,Akamai International B.V.,akamai.com,global_cdn_edge
2a02:26f7:e300:4000::/54,Iran,IR,Asia,AS,AS20940,Akamai International B.V.,akamai.com,global_cdn_edge
2a02:26f7:e300:4400::/55,Iran,IR,Asia,AS,AS20940,Akamai International B.V.,akamai.com,global_cdn_edge
2a02:26f7:e300:4600::/56,Iran,IR,Asia,AS,AS20940,Akamai International B.V.,akamai.com,global_cdn_edge
2a02:26f7:e300:4700::/57,Iran,IR,Asia,AS,AS20940,Akamai International B.V.,akamai.com,global_cdn_edge
2a02:26f7:e300:4780::/59,Iran,IR,Asia,AS,AS20940,Akamai International B.V.,akamai.com,global_cdn_edge
2a02:26f7:e300:47a0::/60,Iran,IR,Asia,AS,AS20940,Akamai International B.V.,akamai.com,global_cdn_edge
2a02:26f7:e300:47b0::/62,Iran,IR,Asia,AS,AS20940,Akamai International B.V.,akamai.com,global_cdn_edge
2a02:26f7:e300:47b4::/63,Iran,IR,Asia,AS,AS20940,Akamai International B.V.,akamai.com,global_cdn_edge
2a02:26f7:e300:47b6::/64,Iran,IR,Asia,AS,AS20940,Akamai International B.V.,akamai.com,global_cdn_edge
2a02:26f7:e300:47b8::/61,Iran,IR,Asia,AS,AS20940,Akamai International B.V.,akamai.com,global_cdn_edge
2a02:26f7:e300:47c0::/58,Iran,IR,Asia,AS,AS20940,Akamai International B.V.,akamai.com,global_cdn_edge
2a02:26f7:e300:4800::/53,Iran,IR,Asia,AS,AS20940,Akamai International B.V.,akamai.com,global_cdn_edge
2a02:26f7:e300:5000::/52,Iran,IR,Asia,AS,AS20940,Akamai International B.V.,akamai.com,global_cdn_edge
2a02:26f7:e300:6000::/51,Iran,IR,Asia,AS,AS20940,Akamai International B.V.,akamai.com,global_cdn_edge
2a02:26f7:e300:8000::/49,Iran,IR,Asia,AS,AS20940,Akamai International B.V.,akamai.com,global_cdn_edge
2a02:26f7:e301::/48,Iran,IR,Asia,AS,AS20940,Akamai International B.V.,akamai.com,global_cdn_edge
2a02:26f7:e302::/50,Iran,IR,Asia,AS,AS20940,Akamai International B.V.,akamai.com,global_cdn_edge
2a02:26f7:e302:4000::/54,Iran,IR,Asia,AS,AS20940,Akamai International B.V.,akamai.com,global_cdn_edge
2a02:26f7:e302:4400::/55,Iran,IR,Asia,AS,AS20940,Akamai International B.V.,akamai.com,global_cdn_edge
2a02:26f7:e302:4600::/56,Iran,IR,Asia,AS,AS20940,Akamai International B.V.,akamai.com,global_cdn_edge
2a02:26f7:e302:4700::/57,Iran,IR,Asia,AS,AS20940,Akamai International B.V.,akamai.com,global_cdn_edge
2a02:26f7:e302:4780::/59,Iran,IR,Asia,AS,AS20940,Akamai International B.V.,akamai.com,global_cdn_edge
2a02:26f7:e302:47a0::/60,Iran,IR,Asia,AS,AS20940,Akamai International B.V.,akamai.com,global_cdn_edge
2a02:26f7:e302:47b0::/62,Iran,IR,Asia,AS,AS20940,Akamai International B.V.,akamai.com,global_cdn_edge
2a02:26f7:e302:47b4::/63,Iran,IR,Asia,AS,AS20940,Akamai International B.V.,akamai.com,global_cdn_edge
2a02:26f7:e302:47b6::/64,Iran,IR,Asia,AS,AS20940,Akamai International B.V.,akamai.com,global_cdn_edge
2a02:26f7:e302:47b8::/61,Iran,IR,Asia,AS,AS20940,Akamai International B.V.,akamai.com,global_cdn_edge
2a02:26f7:e302:47c0::/58,Iran,IR,Asia,AS,AS20940,Akamai International B.V.,akamai.com,global_cdn_edge
2a02:26f7:e302:4800::/53,Iran,IR,Asia,AS,AS20940,Akamai International B.V.,akamai.com,global_cdn_edge
2a02:26f7:e302:5000::/52,Iran,IR,Asia,AS,AS20940,Akamai International B.V.,akamai.com,global_cdn_edge
2a02:26f7:e302:6000::/51,Iran,IR,Asia,AS,AS20940,Akamai International B.V.,akamai.com,global_cdn_edge
2a02:26f7:e302:8000::/49,Iran,IR,Asia,AS,AS20940,Akamai International B.V.,akamai.com,global_cdn_edge
2a02:26f7:e303::/48,Iran,IR,Asia,AS,AS20940,Akamai International B.V.,akamai.com,global_cdn_edge
2a02:26f7:e304::/50,Iran,IR,Asia,AS,AS20940,Akamai International B.V.,akamai.com,global_cdn_edge
2a02:26f7:e304:4000::/54,Iran,IR,Asia,AS,AS20940,Akamai International B.V.,akamai.com,global_cdn_edge
2a02:26f7:e304:4400::/55,Iran,IR,Asia,AS,AS20940,Akamai International B.V.,akamai.com,global_cdn_edge
2a02:26f7:e304:4600::/56,Iran,IR,Asia,AS,AS20940,Akamai International B.V.,akamai.com,global_cdn_edge
2a02:26f7:e304:4700::/57,Iran,IR,Asia,AS,AS20940,Akamai International B.V.,akamai.com,global_cdn_edge
2a02:26f7:e304:4780::/59,Iran,IR,Asia,AS,AS20940,Akamai International B.V.,akamai.com,global_cdn_edge
2a02:26f7:e304:47a0::/60,Iran,IR,Asia,AS,AS20940,Akamai International B.V.,akamai.com,global_cdn_edge
2a02:26f7:e304:47b0::/62,Iran,IR,Asia,AS,AS20940,Akamai International B.V.,akamai.com,global_cdn_edge
2a02:26f7:e304:47b4::/63,Iran,IR,Asia,AS,AS20940,Akamai International B.V.,akamai.com,global_cdn_edge
2a02:26f7:e304:47b6::/64,Iran,IR,Asia,AS,AS20940,Akamai International B.V.,akamai.com,global_cdn_edge
2a02:26f7:e304:47b8::/61,Iran,IR,Asia,AS,AS20940,Akamai International B.V.,akamai.com,global_cdn_edge
2a02:26f7:e304:47c0::/58,Iran,IR,Asia,AS,AS20940,Akamai International B.V.,akamai.com,global_cdn_edge
2a02:26f7:e304:4800::/53,Iran,IR,Asia,AS,AS20940,Akamai International B.V.,akamai.com,global_cdn_edge
2a02:26f7:e304:5000::/52,Iran,IR,Asia,AS,AS20940,Akamai International B.V.,akamai.com,global_cdn_edge
2a02:26f7:e304:6000::/51,Iran,IR,Asia,AS,AS20940,Akamai International B.V.,akamai.com,global_cdn_edge
2a02:26f7:e304:8000::/49,Iran,IR,Asia,AS,AS20940,Akamai International B.V.,akamai.com,global_cdn_edge
2a02:26f7:e305::/48,Iran,IR,Asia,AS,AS20940,Akamai International B.V.,akamai.com,global_cdn_edge
2a02:26f7:e306::/47,Iran,IR,Asia,AS,AS20940,Akamai International B.V.,akamai.com,global_cdn_edge
2a02:26f7:e308::/50,Iran,IR,Asia,AS,AS20940,Akamai International B.V.,akamai.com,global_cdn_edge
2a02:26f7:e308:4000::/54,Iran,IR,Asia,AS,AS20940,Akamai International B.V.,akamai.com,global_cdn_edge
2a02:26f7:e308:4400::/55,Iran,IR,Asia,AS,AS20940,Akamai International B.V.,akamai.com,global_cdn_edge
2a02:26f7:e308:4600::/56,Iran,IR,Asia,AS,AS20940,Akamai International B.V.,akamai.com,global_cdn_edge
2a02:26f7:e308:4700::/57,Iran,IR,Asia,AS,AS20940,Akamai International B.V.,akamai.com,global_cdn_edge
2a02:26f7:e308:4780::/59,Iran,IR,Asia,AS,AS20940,Akamai International B.V.,akamai.com,global_cdn_edge
2a02:26f7:e308:47a0::/60,Iran,IR,Asia,AS,AS20940,Akamai International B.V.,akamai.com,global_cdn_edge
2a02:26f7:e308:47b0::/62,Iran,IR,Asia,AS,AS20940,Akamai International B.V.,akamai.com,global_cdn_edge
2a02:26f7:e308:47b4::/63,Iran,IR,Asia,AS,AS20940,Akamai International B.V.,akamai.com,global_cdn_edge
2a02:26f7:e308:47b6::/64,Iran,IR,Asia,AS,AS20940,Akamai International B.V.,akamai.com,global_cdn_edge
2a02:26f7:e308:47b8::/61,Iran,IR,Asia,AS,AS20940,Akamai International B.V.,akamai.com,global_cdn_edge
2a02:26f7:e308:47c0::/58,Iran,IR,Asia,AS,AS20940,Akamai International B.V.,akamai.com,global_cdn_edge
2a02:26f7:e308:4800::/53,Iran,IR,Asia,AS,AS20940,Akamai International B.V.,akamai.com,global_cdn_edge
2a02:26f7:e308:5000::/52,Iran,IR,Asia,AS,AS20940,Akamai International B.V.,akamai.com,global_cdn_edge
2a02:26f7:e308:6000::/51,Iran,IR,Asia,AS,AS20940,Akamai International B.V.,akamai.com,global_cdn_edge
2a02:26f7:e308:8000::/49,Iran,IR,Asia,AS,AS20940,Akamai International B.V.,akamai.com,global_cdn_edge
2a02:26f7:e309::/48,Iran,IR,Asia,AS,AS20940,Akamai International B.V.,akamai.com,global_cdn_edge
2a02:26f7:e30a::/47,Iran,IR,Asia,AS,AS20940,Akamai International B.V.,akamai.com,global_cdn_edge
2a02:26f7:e30c::/46,Iran,IR,Asia,AS,AS20940,Akamai International B.V.,akamai.com,global_cdn_edge
2a02:26f7:e310::/44,Iran,IR,Asia,AS,AS20940,Akamai International B.V.,akamai.com,global_cdn_edge
2a02:26f7:e320::/43,Iran,IR,Asia,AS,AS20940,Akamai International B.V.,akamai.com,global_cdn_edge
2a03:5840:13e::/48,Iran,IR,Asia,AS,AS200116,VAHIX INFRASTRUCTURE,,isp
2a04:1d41:6100::/40,Iran,IR,Asia,AS,AS60728,Andreas Fink trading as Fink Telecom Services GmbH,fink.org,global_cdn_edge
2a04:1d42:6100::/40,Iran,IR,Asia,AS,AS60728,Andreas Fink trading as Fink Telecom Services GmbH,fink.org,global_cdn_edge
2a04:1d43:6100::/40,Iran,IR,Asia,AS,AS60728,Andreas Fink trading as Fink Telecom Services GmbH,fink.org,global_cdn_edge
2a04:1d44:6100::/40,Iran,IR,Asia,AS,AS60728,Andreas Fink trading as Fink Telecom Services GmbH,fink.org,global_cdn_edge
2a04:1d45:6100::/40,Iran,IR,Asia,AS,AS60728,Andreas Fink trading as Fink Telecom Services GmbH,fink.org,global_cdn_edge
2a04:1d46:6100::/40,Iran,IR,Asia,AS,AS60728,Andreas Fink trading as Fink Telecom Services GmbH,fink.org,global_cdn_edge
2a04:1d47:6100::/40,Iran,IR,Asia,AS,AS60728,Andreas Fink trading as Fink Telecom Services GmbH,fink.org,global_cdn_edge
2a04:2f00:d::/48,Iran,IR,Asia,AS,AS60423,E-Money Net Developers 24 Company Private Joint Stock,derak.cloud,hosting
2a04:2f00:e::/48,Iran,IR,Asia,AS,AS60423,E-Money Net Developers 24 Company Private Joint Stock,derak.cloud,hosting
2a04:4e41:20:12::/63,Iran,IR,Asia,AS,AS54113,"Fastly, Inc.",fastly.com,global_cdn_edge
2a04:4e41:4e:40::/63,Iran,IR,Asia,AS,AS54113,"Fastly, Inc.",fastly.com,global_cdn_edge
2a04:4e41:65:40::/63,Iran,IR,Asia,AS,AS54113,"Fastly, Inc.",fastly.com,global_cdn_edge
2a04:4e41:66:49::/64,Iran,IR,Asia,AS,AS54113,"Fastly, Inc.",fastly.com,global_cdn_edge
2a04:4e41:66:4a::/64,Iran,IR,Asia,AS,AS54113,"Fastly, Inc.",fastly.com,global_cdn_edge
2a04:5040:6003::/48,Iran,IR,Asia,AS,AS216417,Mahdi Dehestani,pm.me,business
2a04:aa00::/32,Germany,DE,Europe,EU,AS215767,Mizban Pardazesh Pouyan LLC,,hosting
2a05:541:140::/48,Iran,IR,Asia,AS,AS8342,JSC RTComm.RU,rtcomm.ru,global_cdn_edge
2a05:5440::/48,Iran,IR,Asia,AS,AS58331,Rayaneh Asr-e Ertebat Bam Technology and Engineering Cooperative Co,kptbam.com,business
2a05:5440:1::/64,The Netherlands,NL,Europe,EU,AS58331,Rayaneh Asr-e Ertebat Bam Technology and Engineering Cooperative Co,kptbam.com,business
2a05:5440:1:1::/64,Iran,IR,Asia,AS,AS58331,Rayaneh Asr-e Ertebat Bam Technology and Engineering Cooperative Co,kptbam.com,business
2a05:5440:1:2::/63,Iran,IR,Asia,AS,AS58331,Rayaneh Asr-e Ertebat Bam Technology and Engineering Cooperative Co,kptbam.com,business
2a05:5440:1:4::/62,Iran,IR,Asia,AS,AS58331,Rayaneh Asr-e Ertebat Bam Technology and Engineering Cooperative Co,kptbam.com,business
2a05:5440:1:8::/61,Iran,IR,Asia,AS,AS58331,Rayaneh Asr-e Ertebat Bam Technology and Engineering Cooperative Co,kptbam.com,business
2a05:5440:1:10::/60,Iran,IR,Asia,AS,AS58331,Rayaneh Asr-e Ertebat Bam Technology and Engineering Cooperative Co,kptbam.com,business
2a05:5440:1:20::/59,Iran,IR,Asia,AS,AS58331,Rayaneh Asr-e Ertebat Bam Technology and Engineering Cooperative Co,kptbam.com,business
2a05:5440:1:40::/58,Iran,IR,Asia,AS,AS58331,Rayaneh Asr-e Ertebat Bam Technology and Engineering Cooperative Co,kptbam.com,business
2a05:5440:1:80::/57,Iran,IR,Asia,AS,AS58331,Rayaneh Asr-e Ertebat Bam Technology and Engineering Cooperative Co,kptbam.com,business
2a05:5440:1:100::/56,Iran,IR,Asia,AS,AS58331,Rayaneh Asr-e Ertebat Bam Technology and Engineering Cooperative Co,kptbam.com,business
2a05:5440:1:200::/55,Iran,IR,Asia,AS,AS58331,Rayaneh Asr-e Ertebat Bam Technology and Engineering Cooperative Co,kptbam.com,business
2a05:5440:1:400::/54,Iran,IR,Asia,AS,AS58331,Rayaneh Asr-e Ertebat Bam Technology and Engineering Cooperative Co,kptbam.com,business
2a05:5440:1:800::/53,Iran,IR,Asia,AS,AS58331,Rayaneh Asr-e Ertebat Bam Technology and Engineering Cooperative Co,kptbam.com,business
2a05:5440:1:1000::/52,Iran,IR,Asia,AS,AS58331,Rayaneh Asr-e Ertebat Bam Technology and Engineering Cooperative Co,kptbam.com,business
2a05:5440:1:2000::/51,Iran,IR,Asia,AS,AS58331,Rayaneh Asr-e Ertebat Bam Technology and Engineering Cooperative Co,kptbam.com,business
2a05:5440:1:4000::/50,Iran,IR,Asia,AS,AS58331,Rayaneh Asr-e Ertebat Bam Technology and Engineering Cooperative Co,kptbam.com,business
2a05:5440:1:8000::/49,Iran,IR,Asia,AS,AS58331,Rayaneh Asr-e Ertebat Bam Technology and Engineering Cooperative Co,kptbam.com,business
2a05:5440:2::/47,Iran,IR,Asia,AS,AS58331,Rayaneh Asr-e Ertebat Bam Technology and Engineering Cooperative Co,kptbam.com,business
2a05:5440:4::/46,Iran,IR,Asia,AS,AS58331,Rayaneh Asr-e Ertebat Bam Technology and Engineering Cooperative Co,kptbam.com,business
2a05:5440:8::/45,Iran,IR,Asia,AS,AS58331,Rayaneh Asr-e Ertebat Bam Technology and Engineering Cooperative Co,kptbam.com,business
2a05:5440:10::/44,Iran,IR,Asia,AS,AS58331,Rayaneh Asr-e Ertebat Bam Technology and Engineering Cooperative Co,kptbam.com,business
2a05:5440:20::/43,Iran,IR,Asia,AS,AS58331,Rayaneh Asr-e Ertebat Bam Technology and Engineering Cooperative Co,kptbam.com,business
2a05:5440:40::/42,Iran,IR,Asia,AS,AS58331,Rayaneh Asr-e Ertebat Bam Technology and Engineering Cooperative Co,kptbam.com,business
2a05:5440:80::/41,Iran,IR,Asia,AS,AS58331,Rayaneh Asr-e Ertebat Bam Technology and Engineering Cooperative Co,kptbam.com,business
2a05:5440:100::/40,Iran,IR,Asia,AS,AS58331,Rayaneh Asr-e Ertebat Bam Technology and Engineering Cooperative Co,kptbam.com,business
2a05:5440:200::/39,Iran,IR,Asia,AS,AS58331,Rayaneh Asr-e Ertebat Bam Technology and Engineering Cooperative Co,kptbam.com,business
2a05:5440:400::/38,Iran,IR,Asia,AS,AS58331,Rayaneh Asr-e Ertebat Bam Technology and Engineering Cooperative Co,kptbam.com,business
2a05:5440:800::/37,Iran,IR,Asia,AS,AS58331,Rayaneh Asr-e Ertebat Bam Technology and Engineering Cooperative Co,kptbam.com,business
2a05:5440:1000::/36,Iran,IR,Asia,AS,AS58331,Rayaneh Asr-e Ertebat Bam Technology and Engineering Cooperative Co,kptbam.com,business
2a05:5440:2000::/35,Iran,IR,Asia,AS,AS58331,Rayaneh Asr-e Ertebat Bam Technology and Engineering Cooperative Co,kptbam.com,business
2a05:5440:4000::/34,Iran,IR,Asia,AS,AS58331,Rayaneh Asr-e Ertebat Bam Technology and Engineering Cooperative Co,kptbam.com,business
2a05:5440:8000::/33,Iran,IR,Asia,AS,AS58331,Rayaneh Asr-e Ertebat Bam Technology and Engineering Cooperative Co,kptbam.com,business
2a05:9080:14::/64,Germany,DE,Europe,EU,AS205899,Khadamat Ertebati Pishkhan Arvin Chenaran Co.LLC,,isp
2a05:9080:14:1::/64,Iran,IR,Asia,AS,AS205899,Khadamat Ertebati Pishkhan Arvin Chenaran Co.LLC,,isp
2a05:9080:14:2::/63,Iran,IR,Asia,AS,AS205899,Khadamat Ertebati Pishkhan Arvin Chenaran Co.LLC,,isp
2a05:9080:14:4::/62,Iran,IR,Asia,AS,AS205899,Khadamat Ertebati Pishkhan Arvin Chenaran Co.LLC,,isp
2a05:9080:14:8::/61,Iran,IR,Asia,AS,AS205899,Khadamat Ertebati Pishkhan Arvin Chenaran Co.LLC,,isp
2a05:9080:14:10::/60,Iran,IR,Asia,AS,AS205899,Khadamat Ertebati Pishkhan Arvin Chenaran Co.LLC,,isp
2a05:9080:14:20::/59,Iran,IR,Asia,AS,AS205899,Khadamat Ertebati Pishkhan Arvin Chenaran Co.LLC,,isp
2a05:9080:14:40::/58,Iran,IR,Asia,AS,AS205899,Khadamat Ertebati Pishkhan Arvin Chenaran Co.LLC,,isp
2a05:9080:14:80::/57,Iran,IR,Asia,AS,AS205899,Khadamat Ertebati Pishkhan Arvin Chenaran Co.LLC,,isp
2a05:9080:14:100::/56,Iran,IR,Asia,AS,AS205899,Khadamat Ertebati Pishkhan Arvin Chenaran Co.LLC,,isp
2a05:9080:14:200::/55,Iran,IR,Asia,AS,AS205899,Khadamat Ertebati Pishkhan Arvin Chenaran Co.LLC,,isp
2a05:9080:14:400::/54,Iran,IR,Asia,AS,AS205899,Khadamat Ertebati Pishkhan Arvin Chenaran Co.LLC,,isp
2a05:9080:14:800::/53,Iran,IR,Asia,AS,AS205899,Khadamat Ertebati Pishkhan Arvin Chenaran Co.LLC,,isp
2a05:9080:14:1000::/52,Iran,IR,Asia,AS,AS205899,Khadamat Ertebati Pishkhan Arvin Chenaran Co.LLC,,isp
2a05:9080:14:2000::/51,Iran,IR,Asia,AS,AS205899,Khadamat Ertebati Pishkhan Arvin Chenaran Co.LLC,,isp
2a05:9080:14:4000::/50,Iran,IR,Asia,AS,AS205899,Khadamat Ertebati Pishkhan Arvin Chenaran Co.LLC,,isp
2a05:9080:14:8000::/49,Iran,IR,Asia,AS,AS205899,Khadamat Ertebati Pishkhan Arvin Chenaran Co.LLC,,isp
2a05:a380::/29,United Kingdom,GB,Europe,EU,AS61008,"MIHAN COMMUNICATION SYSTEMS CO.,LTD",skydsl.ir,business
2a05:cd00::/64,Iran,IR,Asia,AS,AS201691,Fannavari Etelaate Samane Kavoshgar Ide Ltd.,ratinpardazesh.com,hosting
2a05:cd00:0:1::/64,Sweden,SE,Europe,EU,AS201691,Fannavari Etelaate Samane Kavoshgar Ide Ltd.,ratinpardazesh.com,hosting
2a05:cd00:0:2::/63,Iran,IR,Asia,AS,AS201691,Fannavari Etelaate Samane Kavoshgar Ide Ltd.,ratinpardazesh.com,hosting
2a05:cd00:0:4::/62,Iran,IR,Asia,AS,AS201691,Fannavari Etelaate Samane Kavoshgar Ide Ltd.,ratinpardazesh.com,hosting
2a05:cd00:0:8::/61,Iran,IR,Asia,AS,AS201691,Fannavari Etelaate Samane Kavoshgar Ide Ltd.,ratinpardazesh.com,hosting
2a05:cd00:0:10::/60,Iran,IR,Asia,AS,AS201691,Fannavari Etelaate Samane Kavoshgar Ide Ltd.,ratinpardazesh.com,hosting
2a05:cd00:0:20::/59,Iran,IR,Asia,AS,AS201691,Fannavari Etelaate Samane Kavoshgar Ide Ltd.,ratinpardazesh.com,hosting
2a05:cd00:0:40::/58,Iran,IR,Asia,AS,AS201691,Fannavari Etelaate Samane Kavoshgar Ide Ltd.,ratinpardazesh.com,hosting
2a05:cd00:0:80::/57,Iran,IR,Asia,AS,AS201691,Fannavari Etelaate Samane Kavoshgar Ide Ltd.,ratinpardazesh.com,hosting
2a05:cd00:0:100::/56,Iran,IR,Asia,AS,AS201691,Fannavari Etelaate Samane Kavoshgar Ide Ltd.,ratinpardazesh.com,hosting
2a05:cd00:0:200::/55,Iran,IR,Asia,AS,AS201691,Fannavari Etelaate Samane Kavoshgar Ide Ltd.,ratinpardazesh.com,hosting
2a05:cd00:0:400::/54,Iran,IR,Asia,AS,AS201691,Fannavari Etelaate Samane Kavoshgar Ide Ltd.,ratinpardazesh.com,hosting
2a05:cd00:0:800::/53,Iran,IR,Asia,AS,AS201691,Fannavari Etelaate Samane Kavoshgar Ide Ltd.,ratinpardazesh.com,hosting
2a05:cd00:0:1000::/52,Iran,IR,Asia,AS,AS201691,Fannavari Etelaate Samane Kavoshgar Ide Ltd.,ratinpardazesh.com,hosting
2a05:cd00:0:2000::/51,Iran,IR,Asia,AS,AS201691,Fannavari Etelaate Samane Kavoshgar Ide Ltd.,ratinpardazesh.com,hosting
2a05:cd00:0:4000::/50,Iran,IR,Asia,AS,AS201691,Fannavari Etelaate Samane Kavoshgar Ide Ltd.,ratinpardazesh.com,hosting
2a05:cd00:0:8000::/49,Iran,IR,Asia,AS,AS201691,Fannavari Etelaate Samane Kavoshgar Ide Ltd.,ratinpardazesh.com,hosting
2a05:cd00:1::/48,Iran,IR,Asia,AS,AS201691,Fannavari Etelaate Samane Kavoshgar Ide Ltd.,ratinpardazesh.com,hosting
2a05:cd00:2::/47,Iran,IR,Asia,AS,AS201691,Fannavari Etelaate Samane Kavoshgar Ide Ltd.,ratinpardazesh.com,hosting
2a05:cd00:4::/46,Iran,IR,Asia,AS,AS201691,Fannavari Etelaate Samane Kavoshgar Ide Ltd.,ratinpardazesh.com,hosting
2a05:cd00:8::/45,Iran,IR,Asia,AS,AS201691,Fannavari Etelaate Samane Kavoshgar Ide Ltd.,ratinpardazesh.com,hosting
2a05:cd00:10::/44,Iran,IR,Asia,AS,AS201691,Fannavari Etelaate Samane Kavoshgar Ide Ltd.,ratinpardazesh.com,hosting
2a05:cd00:20::/43,Iran,IR,Asia,AS,AS201691,Fannavari Etelaate Samane Kavoshgar Ide Ltd.,ratinpardazesh.com,hosting
2a05:cd00:40::/42,Iran,IR,Asia,AS,AS201691,Fannavari Etelaate Samane Kavoshgar Ide Ltd.,ratinpardazesh.com,hosting
2a05:cd00:80::/41,Iran,IR,Asia,AS,AS201691,Fannavari Etelaate Samane Kavoshgar Ide Ltd.,ratinpardazesh.com,hosting
2a05:cd00:100::/40,Iran,IR,Asia,AS,AS201691,Fannavari Etelaate Samane Kavoshgar Ide Ltd.,ratinpardazesh.com,hosting
2a05:cd00:200::/39,Iran,IR,Asia,AS,AS201691,Fannavari Etelaate Samane Kavoshgar Ide Ltd.,ratinpardazesh.com,hosting
2a05:cd00:400::/38,Iran,IR,Asia,AS,AS201691,Fannavari Etelaate Samane Kavoshgar Ide Ltd.,ratinpardazesh.com,hosting
2a05:cd00:800::/37,Iran,IR,Asia,AS,AS201691,Fannavari Etelaate Samane Kavoshgar Ide Ltd.,ratinpardazesh.com,hosting
2a05:cd00:1000::/36,Iran,IR,Asia,AS,AS201691,Fannavari Etelaate Samane Kavoshgar Ide Ltd.,ratinpardazesh.com,hosting
2a05:cd00:2000::/35,Iran,IR,Asia,AS,AS201691,Fannavari Etelaate Samane Kavoshgar Ide Ltd.,ratinpardazesh.com,hosting
2a05:cd00:4000::/34,Iran,IR,Asia,AS,AS201691,Fannavari Etelaate Samane Kavoshgar Ide Ltd.,ratinpardazesh.com,hosting
2a05:cd00:8000::/33,Iran,IR,Asia,AS,AS201691,Fannavari Etelaate Samane Kavoshgar Ide Ltd.,ratinpardazesh.com,hosting
2a05:cd02::/32,Iran,IR,Asia,AS,AS216415,AMIRMOHAMMAD FATEH,ratin.se,unknown
2a05:f500:30::/46,United States,US,North America,NA,AS14413,LinkedIn Corporation,linkedin.com,unknown
2a05:f500:40::/46,United States,US,North America,NA,AS14413,LinkedIn Corporation,linkedin.com,unknown
2a05:f506::/48,United States,US,North America,NA,AS14413,LinkedIn Corporation,linkedin.com,unknown
2a05:f507::/48,Austria,AT,Europe,EU,AS13443,LinkedIn Corporation,linkedin.com,unknown
2a05:f507:1::/48,United States,US,North America,NA,AS13443,LinkedIn Corporation,linkedin.com,unknown
2a05:f507:2::/48,Germany,DE,Europe,EU,AS13443,LinkedIn Corporation,linkedin.com,unknown
2a05:f507:3::/48,Spain,ES,Europe,EU,AS13443,LinkedIn Corporation,linkedin.com,unknown
2a05:f507:4::/48,Sweden,SE,Europe,EU,AS13443,LinkedIn Corporation,linkedin.com,unknown
2a05:f507:5::/48,United States,US,North America,NA,AS13443,LinkedIn Corporation,linkedin.com,unknown
2a05:f507:6::/48,United States,US,North America,NA,AS13443,LinkedIn Corporation,linkedin.com,unknown
2a05:f507:7::/48,United Arab Emirates,AE,Asia,AS,AS13443,LinkedIn Corporation,linkedin.com,unknown
2a05:f507:8::/48,Italy,IT,Europe,EU,AS13443,LinkedIn Corporation,linkedin.com,unknown
2a05:f507:9::/48,France,FR,Europe,EU,AS13443,LinkedIn Corporation,linkedin.com,unknown
2a05:f507:a::/48,Austria,AT,Europe,EU,AS13443,LinkedIn Corporation,linkedin.com,unknown
2a05:f507:b::/48,Ireland,IE,Europe,EU,AS13443,LinkedIn Corporation,linkedin.com,unknown
2a05:f507:c::/48,United Kingdom,GB,Europe,EU,AS13443,LinkedIn Corporation,linkedin.com,unknown
2a05:f507:d::/48,Israel,IL,Asia,AS,AS13443,LinkedIn Corporation,linkedin.com,unknown
2a05:f507:e::/47,United States,US,North America,NA,AS13443,LinkedIn Corporation,linkedin.com,unknown
2a05:f507:10::/44,United States,US,North America,NA,AS13443,LinkedIn Corporation,linkedin.com,unknown
2a05:f507:20::/43,United States,US,North America,NA,AS13443,LinkedIn Corporation,linkedin.com,unknown
2a05:f507:40::/43,United States,US,North America,NA,AS13443,LinkedIn Corporation,linkedin.com,unknown
2a05:f507:60::/44,United States,US,North America,NA,AS13443,LinkedIn Corporation,linkedin.com,unknown
2a05:f507:70::/47,United States,US,North America,NA,AS13443,LinkedIn Corporation,linkedin.com,unknown
2a05:f507:72::/48,Germany,DE,Europe,EU,AS13443,LinkedIn Corporation,linkedin.com,unknown
2a05:f507:73::/48,United States,US,North America,NA,AS13443,LinkedIn Corporation,linkedin.com,unknown
2a05:f507:74::/48,United States,US,North America,NA,AS13443,LinkedIn Corporation,linkedin.com,unknown
2a05:f507:75::/48,The Netherlands,NL,Europe,EU,AS13443,LinkedIn Corporation,linkedin.com,unknown
2a05:f507:76::/47,United States,US,North America,NA,AS13443,LinkedIn Corporation,linkedin.com,unknown
2a05:f507:78::/45,United States,US,North America,NA,AS13443,LinkedIn Corporation,linkedin.com,unknown
2a06:1286::/40,United Kingdom,GB,Europe,EU,AS204789,BIZBETA LTD,pm.me,unknown
2a06:1286:100::/64,Norway,NO,Europe,EU,AS204789,BIZBETA LTD,pm.me,unknown
2a06:1286:100:1::/64,United Kingdom,GB,Europe,EU,AS204789,BIZBETA LTD,pm.me,unknown
2a06:1286:100:2::/63,United Kingdom,GB,Europe,EU,AS204789,BIZBETA LTD,pm.me,unknown
2a06:1286:100:4::/62,United Kingdom,GB,Europe,EU,AS204789,BIZBETA LTD,pm.me,unknown
2a06:1286:100:8::/61,United Kingdom,GB,Europe,EU,AS204789,BIZBETA LTD,pm.me,unknown
2a06:1286:100:10::/60,United Kingdom,GB,Europe,EU,AS204789,BIZBETA LTD,pm.me,unknown
2a06:1286:100:20::/59,United Kingdom,GB,Europe,EU,AS204789,BIZBETA LTD,pm.me,unknown
2a06:1286:100:40::/58,United Kingdom,GB,Europe,EU,AS204789,BIZBETA LTD,pm.me,unknown
2a06:1286:100:80::/57,United Kingdom,GB,Europe,EU,AS204789,BIZBETA LTD,pm.me,unknown
2a06:1286:100:100::/56,United Kingdom,GB,Europe,EU,AS204789,BIZBETA LTD,pm.me,unknown
2a06:1286:100:200::/55,United Kingdom,GB,Europe,EU,AS204789,BIZBETA LTD,pm.me,unknown
2a06:1286:100:400::/54,United Kingdom,GB,Europe,EU,AS204789,BIZBETA LTD,pm.me,unknown
2a06:1286:100:800::/53,United Kingdom,GB,Europe,EU,AS204789,BIZBETA LTD,pm.me,unknown
2a06:1286:100:1000::/52,United Kingdom,GB,Europe,EU,AS204789,BIZBETA LTD,pm.me,unknown
2a06:1286:100:2000::/51,United Kingdom,GB,Europe,EU,AS204789,BIZBETA LTD,pm.me,unknown
2a06:1286:100:4000::/50,United Kingdom,GB,Europe,EU,AS204789,BIZBETA LTD,pm.me,unknown
2a06:1286:100:8000::/49,United Kingdom,GB,Europe,EU,AS204789,BIZBETA LTD,pm.me,unknown
2a06:1286:101::/48,United Kingdom,GB,Europe,EU,AS204789,BIZBETA LTD,pm.me,unknown
2a06:1286:102::/47,United Kingdom,GB,Europe,EU,AS204789,BIZBETA LTD,pm.me,unknown
2a06:1286:104::/46,United Kingdom,GB,Europe,EU,AS204789,BIZBETA LTD,pm.me,unknown
2a06:1286:108::/45,United Kingdom,GB,Europe,EU,AS204789,BIZBETA LTD,pm.me,unknown
2a06:1286:110::/44,United Kingdom,GB,Europe,EU,AS204789,BIZBETA LTD,pm.me,unknown
2a06:1286:120::/43,United Kingdom,GB,Europe,EU,AS204789,BIZBETA LTD,pm.me,unknown
2a06:1286:140::/42,United Kingdom,GB,Europe,EU,AS204789,BIZBETA LTD,pm.me,unknown
2a06:1286:180::/41,United Kingdom,GB,Europe,EU,AS204789,BIZBETA LTD,pm.me,unknown
2a06:1286:200::/64,United States,US,North America,NA,AS204789,BIZBETA LTD,pm.me,unknown
2a06:1286:200:1::/64,United Kingdom,GB,Europe,EU,AS204789,BIZBETA LTD,pm.me,unknown
2a06:1286:200:2::/63,United Kingdom,GB,Europe,EU,AS204789,BIZBETA LTD,pm.me,unknown
2a06:1286:200:4::/62,United Kingdom,GB,Europe,EU,AS204789,BIZBETA LTD,pm.me,unknown
2a06:1286:200:8::/61,United Kingdom,GB,Europe,EU,AS204789,BIZBETA LTD,pm.me,unknown
2a06:1286:200:10::/60,United Kingdom,GB,Europe,EU,AS204789,BIZBETA LTD,pm.me,unknown
2a06:1286:200:20::/59,United Kingdom,GB,Europe,EU,AS204789,BIZBETA LTD,pm.me,unknown
2a06:1286:200:40::/58,United Kingdom,GB,Europe,EU,AS204789,BIZBETA LTD,pm.me,unknown
2a06:1286:200:80::/57,United Kingdom,GB,Europe,EU,AS204789,BIZBETA LTD,pm.me,unknown
2a06:1286:200:100::/56,United Kingdom,GB,Europe,EU,AS204789,BIZBETA LTD,pm.me,unknown
2a06:1286:200:200::/55,United Kingdom,GB,Europe,EU,AS204789,BIZBETA LTD,pm.me,unknown
2a06:1286:200:400::/54,United Kingdom,GB,Europe,EU,AS204789,BIZBETA LTD,pm.me,unknown
2a06:1286:200:800::/53,United Kingdom,GB,Europe,EU,AS204789,BIZBETA LTD,pm.me,unknown
2a06:1286:200:1000::/52,United Kingdom,GB,Europe,EU,AS204789,BIZBETA LTD,pm.me,unknown
2a06:1286:200:2000::/51,United Kingdom,GB,Europe,EU,AS204789,BIZBETA LTD,pm.me,unknown
2a06:1286:200:4000::/50,United Kingdom,GB,Europe,EU,AS204789,BIZBETA LTD,pm.me,unknown
2a06:1286:200:8000::/49,United Kingdom,GB,Europe,EU,AS204789,BIZBETA LTD,pm.me,unknown
2a06:1286:201::/48,United Kingdom,GB,Europe,EU,AS204789,BIZBETA LTD,pm.me,unknown
2a06:1286:202::/47,United Kingdom,GB,Europe,EU,AS204789,BIZBETA LTD,pm.me,unknown
2a06:1286:204::/46,United Kingdom,GB,Europe,EU,AS204789,BIZBETA LTD,pm.me,unknown
2a06:1286:208::/45,United Kingdom,GB,Europe,EU,AS204789,BIZBETA LTD,pm.me,unknown
2a06:1286:210::/44,United Kingdom,GB,Europe,EU,AS204789,BIZBETA LTD,pm.me,unknown
2a06:1286:220::/43,United Kingdom,GB,Europe,EU,AS204789,BIZBETA LTD,pm.me,unknown
2a06:1286:240::/42,United Kingdom,GB,Europe,EU,AS204789,BIZBETA LTD,pm.me,unknown
2a06:1286:280::/41,United Kingdom,GB,Europe,EU,AS204789,BIZBETA LTD,pm.me,unknown
2a06:1286:300::/64,United States,US,North America,NA,AS204789,BIZBETA LTD,pm.me,unknown
2a06:1286:300:1::/64,United Kingdom,GB,Europe,EU,AS204789,BIZBETA LTD,pm.me,unknown
2a06:1286:300:2::/63,United Kingdom,GB,Europe,EU,AS204789,BIZBETA LTD,pm.me,unknown
2a06:1286:300:4::/62,United Kingdom,GB,Europe,EU,AS204789,BIZBETA LTD,pm.me,unknown
2a06:1286:300:8::/61,United Kingdom,GB,Europe,EU,AS204789,BIZBETA LTD,pm.me,unknown
2a06:1286:300:10::/60,United Kingdom,GB,Europe,EU,AS204789,BIZBETA LTD,pm.me,unknown
2a06:1286:300:20::/59,United Kingdom,GB,Europe,EU,AS204789,BIZBETA LTD,pm.me,unknown
2a06:1286:300:40::/58,United Kingdom,GB,Europe,EU,AS204789,BIZBETA LTD,pm.me,unknown
2a06:1286:300:80::/57,United Kingdom,GB,Europe,EU,AS204789,BIZBETA LTD,pm.me,unknown
2a06:1286:300:100::/56,United Kingdom,GB,Europe,EU,AS204789,BIZBETA LTD,pm.me,unknown
2a06:1286:300:200::/55,United Kingdom,GB,Europe,EU,AS204789,BIZBETA LTD,pm.me,unknown
2a06:1286:300:400::/54,United Kingdom,GB,Europe,EU,AS204789,BIZBETA LTD,pm.me,unknown
2a06:1286:300:800::/53,United Kingdom,GB,Europe,EU,AS204789,BIZBETA LTD,pm.me,unknown
2a06:1286:300:1000::/52,United Kingdom,GB,Europe,EU,AS204789,BIZBETA LTD,pm.me,unknown
2a06:1286:300:2000::/51,United Kingdom,GB,Europe,EU,AS204789,BIZBETA LTD,pm.me,unknown
2a06:1286:300:4000::/50,United Kingdom,GB,Europe,EU,AS204789,BIZBETA LTD,pm.me,unknown
2a06:1286:300:8000::/49,United Kingdom,GB,Europe,EU,AS204789,BIZBETA LTD,pm.me,unknown
2a06:1286:301::/48,United Kingdom,GB,Europe,EU,AS204789,BIZBETA LTD,pm.me,unknown
2a06:1286:302::/47,United Kingdom,GB,Europe,EU,AS204789,BIZBETA LTD,pm.me,unknown
2a06:1286:304::/46,United Kingdom,GB,Europe,EU,AS204789,BIZBETA LTD,pm.me,unknown
2a06:1286:308::/45,United Kingdom,GB,Europe,EU,AS204789,BIZBETA LTD,pm.me,unknown
2a06:1286:310::/44,United Kingdom,GB,Europe,EU,AS204789,BIZBETA LTD,pm.me,unknown
2a06:1286:320::/43,United Kingdom,GB,Europe,EU,AS204789,BIZBETA LTD,pm.me,unknown
2a06:1286:340::/42,United Kingdom,GB,Europe,EU,AS204789,BIZBETA LTD,pm.me,unknown
2a06:1286:380::/41,United Kingdom,GB,Europe,EU,AS204789,BIZBETA LTD,pm.me,unknown
2a06:1286:400::/64,The Netherlands,NL,Europe,EU,AS204789,BIZBETA LTD,pm.me,unknown
2a06:1286:400:1::/64,United Kingdom,GB,Europe,EU,AS204789,BIZBETA LTD,pm.me,unknown
2a06:1286:400:2::/63,United Kingdom,GB,Europe,EU,AS204789,BIZBETA LTD,pm.me,unknown
2a06:1286:400:4::/62,United Kingdom,GB,Europe,EU,AS204789,BIZBETA LTD,pm.me,unknown
2a06:1286:400:8::/61,United Kingdom,GB,Europe,EU,AS204789,BIZBETA LTD,pm.me,unknown
2a06:1286:400:10::/60,United Kingdom,GB,Europe,EU,AS204789,BIZBETA LTD,pm.me,unknown
2a06:1286:400:20::/59,United Kingdom,GB,Europe,EU,AS204789,BIZBETA LTD,pm.me,unknown
2a06:1286:400:40::/58,United Kingdom,GB,Europe,EU,AS204789,BIZBETA LTD,pm.me,unknown
2a06:1286:400:80::/57,United Kingdom,GB,Europe,EU,AS204789,BIZBETA LTD,pm.me,unknown
2a06:1286:400:100::/56,United Kingdom,GB,Europe,EU,AS204789,BIZBETA LTD,pm.me,unknown
2a06:1286:400:200::/55,United Kingdom,GB,Europe,EU,AS204789,BIZBETA LTD,pm.me,unknown
2a06:1286:400:400::/54,United Kingdom,GB,Europe,EU,AS204789,BIZBETA LTD,pm.me,unknown
2a06:1286:400:800::/53,United Kingdom,GB,Europe,EU,AS204789,BIZBETA LTD,pm.me,unknown
2a06:1286:400:1000::/52,United Kingdom,GB,Europe,EU,AS204789,BIZBETA LTD,pm.me,unknown
2a06:1286:400:2000::/51,United Kingdom,GB,Europe,EU,AS204789,BIZBETA LTD,pm.me,unknown
2a06:1286:400:4000::/50,United Kingdom,GB,Europe,EU,AS204789,BIZBETA LTD,pm.me,unknown
2a06:1286:400:8000::/49,United Kingdom,GB,Europe,EU,AS204789,BIZBETA LTD,pm.me,unknown
2a06:1286:401::/48,United Kingdom,GB,Europe,EU,AS204789,BIZBETA LTD,pm.me,unknown
2a06:1286:402::/47,United Kingdom,GB,Europe,EU,AS204789,BIZBETA LTD,pm.me,unknown
2a06:1286:404::/46,United Kingdom,GB,Europe,EU,AS204789,BIZBETA LTD,pm.me,unknown
2a06:1286:408::/45,United Kingdom,GB,Europe,EU,AS204789,BIZBETA LTD,pm.me,unknown
2a06:1286:410::/44,United Kingdom,GB,Europe,EU,AS204789,BIZBETA LTD,pm.me,unknown
2a06:1286:420::/43,United Kingdom,GB,Europe,EU,AS204789,BIZBETA LTD,pm.me,unknown
2a06:1286:440::/42,United Kingdom,GB,Europe,EU,AS204789,BIZBETA LTD,pm.me,unknown
2a06:1286:480::/41,United Kingdom,GB,Europe,EU,AS204789,BIZBETA LTD,pm.me,unknown
2a06:1286:500::/64,Switzerland,CH,Europe,EU,AS204789,BIZBETA LTD,pm.me,unknown
2a06:1286:500:1::/64,United Kingdom,GB,Europe,EU,AS204789,BIZBETA LTD,pm.me,unknown
2a06:1286:500:2::/63,United Kingdom,GB,Europe,EU,AS204789,BIZBETA LTD,pm.me,unknown
2a06:1286:500:4::/62,United Kingdom,GB,Europe,EU,AS204789,BIZBETA LTD,pm.me,unknown
2a06:1286:500:8::/61,United Kingdom,GB,Europe,EU,AS204789,BIZBETA LTD,pm.me,unknown
2a06:1286:500:10::/60,United Kingdom,GB,Europe,EU,AS204789,BIZBETA LTD,pm.me,unknown
2a06:1286:500:20::/59,United Kingdom,GB,Europe,EU,AS204789,BIZBETA LTD,pm.me,unknown
2a06:1286:500:40::/58,United Kingdom,GB,Europe,EU,AS204789,BIZBETA LTD,pm.me,unknown
2a06:1286:500:80::/57,United Kingdom,GB,Europe,EU,AS204789,BIZBETA LTD,pm.me,unknown
2a06:1286:500:100::/56,United Kingdom,GB,Europe,EU,AS204789,BIZBETA LTD,pm.me,unknown
2a06:1286:500:200::/55,United Kingdom,GB,Europe,EU,AS204789,BIZBETA LTD,pm.me,unknown
2a06:1286:500:400::/54,United Kingdom,GB,Europe,EU,AS204789,BIZBETA LTD,pm.me,unknown
2a06:1286:500:800::/53,United Kingdom,GB,Europe,EU,AS204789,BIZBETA LTD,pm.me,unknown
2a06:1286:500:1000::/52,United Kingdom,GB,Europe,EU,AS204789,BIZBETA LTD,pm.me,unknown
2a06:1286:500:2000::/51,United Kingdom,GB,Europe,EU,AS204789,BIZBETA LTD,pm.me,unknown
2a06:1286:500:4000::/50,United Kingdom,GB,Europe,EU,AS204789,BIZBETA LTD,pm.me,unknown
2a06:1286:500:8000::/49,United Kingdom,GB,Europe,EU,AS204789,BIZBETA LTD,pm.me,unknown
2a06:1286:501::/48,United Kingdom,GB,Europe,EU,AS204789,BIZBETA LTD,pm.me,unknown
2a06:1286:502::/47,United Kingdom,GB,Europe,EU,AS204789,BIZBETA LTD,pm.me,unknown
2a06:1286:504::/46,United Kingdom,GB,Europe,EU,AS204789,BIZBETA LTD,pm.me,unknown
2a06:1286:508::/45,United Kingdom,GB,Europe,EU,AS204789,BIZBETA LTD,pm.me,unknown
2a06:1286:510::/44,United Kingdom,GB,Europe,EU,AS204789,BIZBETA LTD,pm.me,unknown
2a06:1286:520::/43,United Kingdom,GB,Europe,EU,AS204789,BIZBETA LTD,pm.me,unknown
2a06:1286:540::/42,United Kingdom,GB,Europe,EU,AS204789,BIZBETA LTD,pm.me,unknown
2a06:1286:580::/41,United Kingdom,GB,Europe,EU,AS204789,BIZBETA LTD,pm.me,unknown
2a06:1286:600::/40,United Kingdom,GB,Europe,EU,AS204789,BIZBETA LTD,pm.me,unknown
2a06:1286:700::/50,Singapore,SG,Asia,AS,AS204789,BIZBETA LTD,pm.me,unknown
2a06:1286:700:4000::/50,United Kingdom,GB,Europe,EU,AS204789,BIZBETA LTD,pm.me,unknown
2a06:1286:700:8000::/49,United Kingdom,GB,Europe,EU,AS204789,BIZBETA LTD,pm.me,unknown
2a06:1286:701::/48,United Kingdom,GB,Europe,EU,AS204789,BIZBETA LTD,pm.me,unknown
2a06:1286:702::/47,United Kingdom,GB,Europe,EU,AS204789,BIZBETA LTD,pm.me,unknown
2a06:1286:704::/46,United Kingdom,GB,Europe,EU,AS204789,BIZBETA LTD,pm.me,unknown
2a06:1286:708::/45,United Kingdom,GB,Europe,EU,AS204789,BIZBETA LTD,pm.me,unknown
2a06:1286:710::/44,United Kingdom,GB,Europe,EU,AS204789,BIZBETA LTD,pm.me,unknown
2a06:1286:720::/43,United Kingdom,GB,Europe,EU,AS204789,BIZBETA LTD,pm.me,unknown
2a06:1286:740::/42,United Kingdom,GB,Europe,EU,AS204789,BIZBETA LTD,pm.me,unknown
2a06:1286:780::/41,United Kingdom,GB,Europe,EU,AS204789,BIZBETA LTD,pm.me,unknown
2a06:1286:800::/40,New Zealand,NZ,Oceania,OC,AS204789,BIZBETA LTD,pm.me,unknown
2a06:1286:900::/64,The Netherlands,NL,Europe,EU,AS204789,BIZBETA LTD,pm.me,unknown
2a06:1286:900:1::/64,United Kingdom,GB,Europe,EU,AS204789,BIZBETA LTD,pm.me,unknown
2a06:1286:900:2::/63,United Kingdom,GB,Europe,EU,AS204789,BIZBETA LTD,pm.me,unknown
2a06:1286:900:4::/62,United Kingdom,GB,Europe,EU,AS204789,BIZBETA LTD,pm.me,unknown
2a06:1286:900:8::/61,United Kingdom,GB,Europe,EU,AS204789,BIZBETA LTD,pm.me,unknown
2a06:1286:900:10::/60,United Kingdom,GB,Europe,EU,AS204789,BIZBETA LTD,pm.me,unknown
2a06:1286:900:20::/59,United Kingdom,GB,Europe,EU,AS204789,BIZBETA LTD,pm.me,unknown
2a06:1286:900:40::/58,United Kingdom,GB,Europe,EU,AS204789,BIZBETA LTD,pm.me,unknown
2a06:1286:900:80::/57,United Kingdom,GB,Europe,EU,AS204789,BIZBETA LTD,pm.me,unknown
2a06:1286:900:100::/56,United Kingdom,GB,Europe,EU,AS204789,BIZBETA LTD,pm.me,unknown
2a06:1286:900:200::/55,United Kingdom,GB,Europe,EU,AS204789,BIZBETA LTD,pm.me,unknown
2a06:1286:900:400::/54,United Kingdom,GB,Europe,EU,AS204789,BIZBETA LTD,pm.me,unknown
2a06:1286:900:800::/53,United Kingdom,GB,Europe,EU,AS204789,BIZBETA LTD,pm.me,unknown
2a06:1286:900:1000::/52,United Kingdom,GB,Europe,EU,AS204789,BIZBETA LTD,pm.me,unknown
2a06:1286:900:2000::/51,United Kingdom,GB,Europe,EU,AS204789,BIZBETA LTD,pm.me,unknown
2a06:1286:900:4000::/50,United Kingdom,GB,Europe,EU,AS204789,BIZBETA LTD,pm.me,unknown
2a06:1286:900:8000::/49,United Kingdom,GB,Europe,EU,AS204789,BIZBETA LTD,pm.me,unknown
2a06:1286:901::/48,United Kingdom,GB,Europe,EU,AS204789,BIZBETA LTD,pm.me,unknown
2a06:1286:902::/47,United Kingdom,GB,Europe,EU,AS204789,BIZBETA LTD,pm.me,unknown
2a06:1286:904::/46,United Kingdom,GB,Europe,EU,AS204789,BIZBETA LTD,pm.me,unknown
2a06:1286:908::/45,United Kingdom,GB,Europe,EU,AS204789,BIZBETA LTD,pm.me,unknown
2a06:1286:910::/44,United Kingdom,GB,Europe,EU,AS204789,BIZBETA LTD,pm.me,unknown
2a06:1286:920::/43,United Kingdom,GB,Europe,EU,AS204789,BIZBETA LTD,pm.me,unknown
2a06:1286:940::/42,United Kingdom,GB,Europe,EU,AS204789,BIZBETA LTD,pm.me,unknown
2a06:1286:980::/41,United Kingdom,GB,Europe,EU,AS204789,BIZBETA LTD,pm.me,unknown
2a06:1286:a00::/39,United Kingdom,GB,Europe,EU,AS204789,BIZBETA LTD,pm.me,unknown
2a06:1286:c00::/38,United Kingdom,GB,Europe,EU,AS204789,BIZBETA LTD,pm.me,unknown
2a06:1286:1000::/39,United Kingdom,GB,Europe,EU,AS204789,BIZBETA LTD,pm.me,unknown
2a06:1286:1200::/64,Norway,NO,Europe,EU,AS204789,BIZBETA LTD,pm.me,unknown
2a06:1286:1200:1::/64,United Kingdom,GB,Europe,EU,AS204789,BIZBETA LTD,pm.me,unknown
2a06:1286:1200:2::/63,United Kingdom,GB,Europe,EU,AS204789,BIZBETA LTD,pm.me,unknown
2a06:1286:1200:4::/62,United Kingdom,GB,Europe,EU,AS204789,BIZBETA LTD,pm.me,unknown
2a06:1286:1200:8::/61,United Kingdom,GB,Europe,EU,AS204789,BIZBETA LTD,pm.me,unknown
2a06:1286:1200:10::/60,United Kingdom,GB,Europe,EU,AS204789,BIZBETA LTD,pm.me,unknown
2a06:1286:1200:20::/59,United Kingdom,GB,Europe,EU,AS204789,BIZBETA LTD,pm.me,unknown
2a06:1286:1200:40::/58,United Kingdom,GB,Europe,EU,AS204789,BIZBETA LTD,pm.me,unknown
2a06:1286:1200:80::/57,United Kingdom,GB,Europe,EU,AS204789,BIZBETA LTD,pm.me,unknown
2a06:1286:1200:100::/56,United Kingdom,GB,Europe,EU,AS204789,BIZBETA LTD,pm.me,unknown
2a06:1286:1200:200::/55,United Kingdom,GB,Europe,EU,AS204789,BIZBETA LTD,pm.me,unknown
2a06:1286:1200:400::/54,United Kingdom,GB,Europe,EU,AS204789,BIZBETA LTD,pm.me,unknown
2a06:1286:1200:800::/53,United Kingdom,GB,Europe,EU,AS204789,BIZBETA LTD,pm.me,unknown
2a06:1286:1200:1000::/52,United Kingdom,GB,Europe,EU,AS204789,BIZBETA LTD,pm.me,unknown
2a06:1286:1200:2000::/51,United Kingdom,GB,Europe,EU,AS204789,BIZBETA LTD,pm.me,unknown
2a06:1286:1200:4000::/50,United Kingdom,GB,Europe,EU,AS204789,BIZBETA LTD,pm.me,unknown
2a06:1286:1200:8000::/49,United Kingdom,GB,Europe,EU,AS204789,BIZBETA LTD,pm.me,unknown
2a06:1286:1201::/48,United Kingdom,GB,Europe,EU,AS204789,BIZBETA LTD,pm.me,unknown
2a06:1286:1202::/47,United Kingdom,GB,Europe,EU,AS204789,BIZBETA LTD,pm.me,unknown
2a06:1286:1204::/46,United Kingdom,GB,Europe,EU,AS204789,BIZBETA LTD,pm.me,unknown
2a06:1286:1208::/45,United Kingdom,GB,Europe,EU,AS204789,BIZBETA LTD,pm.me,unknown
2a06:1286:1210::/44,United Kingdom,GB,Europe,EU,AS204789,BIZBETA LTD,pm.me,unknown
2a06:1286:1220::/43,United Kingdom,GB,Europe,EU,AS204789,BIZBETA LTD,pm.me,unknown
2a06:1286:1240::/42,United Kingdom,GB,Europe,EU,AS204789,BIZBETA LTD,pm.me,unknown
2a06:1286:1280::/41,United Kingdom,GB,Europe,EU,AS204789,BIZBETA LTD,pm.me,unknown
2a06:1286:1300::/40,United Kingdom,GB,Europe,EU,AS204789,BIZBETA LTD,pm.me,unknown
2a06:1286:1400::/40,United Kingdom,GB,Europe,EU,AS204789,BIZBETA LTD,pm.me,unknown
2a06:1286:1500::/40,Sweden,SE,Europe,EU,AS204789,BIZBETA LTD,pm.me,unknown
2a06:1286:1600::/39,United Kingdom,GB,Europe,EU,AS204789,BIZBETA LTD,pm.me,unknown
2a06:1286:1800::/37,United Kingdom,GB,Europe,EU,AS204789,BIZBETA LTD,pm.me,unknown
2a06:1286:2000::/35,United Kingdom,GB,Europe,EU,AS204789,BIZBETA LTD,pm.me,unknown
2a06:1286:4000::/34,United Kingdom,GB,Europe,EU,AS204789,BIZBETA LTD,pm.me,unknown
2a06:1286:8000::/35,United Kingdom,GB,Europe,EU,AS204789,BIZBETA LTD,pm.me,unknown
2a06:1286:a000::/36,United Kingdom,GB,Europe,EU,AS204789,BIZBETA LTD,pm.me,unknown
2a06:1286:b000::/45,United Kingdom,GB,Europe,EU,AS204789,BIZBETA LTD,pm.me,unknown
2a06:1286:b008::/47,United Kingdom,GB,Europe,EU,AS204789,BIZBETA LTD,pm.me,unknown
2a06:1286:b00a::/48,United Kingdom,GB,Europe,EU,AS204789,BIZBETA LTD,pm.me,unknown
2a06:1286:b00b::/64,United States,US,North America,NA,AS204789,BIZBETA LTD,pm.me,unknown
2a06:1286:b00b:1::/64,United Kingdom,GB,Europe,EU,AS204789,BIZBETA LTD,pm.me,unknown
2a06:1286:b00b:2::/63,United Kingdom,GB,Europe,EU,AS204789,BIZBETA LTD,pm.me,unknown
2a06:1286:b00b:4::/62,United Kingdom,GB,Europe,EU,AS204789,BIZBETA LTD,pm.me,unknown
2a06:1286:b00b:8::/61,United Kingdom,GB,Europe,EU,AS204789,BIZBETA LTD,pm.me,unknown
2a06:1286:b00b:10::/60,United Kingdom,GB,Europe,EU,AS204789,BIZBETA LTD,pm.me,unknown
2a06:1286:b00b:20::/59,United Kingdom,GB,Europe,EU,AS204789,BIZBETA LTD,pm.me,unknown
2a06:1286:b00b:40::/58,United Kingdom,GB,Europe,EU,AS204789,BIZBETA LTD,pm.me,unknown
2a06:1286:b00b:80::/57,United Kingdom,GB,Europe,EU,AS204789,BIZBETA LTD,pm.me,unknown
2a06:1286:b00b:100::/56,United Kingdom,GB,Europe,EU,AS204789,BIZBETA LTD,pm.me,unknown
2a06:1286:b00b:200::/55,United Kingdom,GB,Europe,EU,AS204789,BIZBETA LTD,pm.me,unknown
2a06:1286:b00b:400::/54,United Kingdom,GB,Europe,EU,AS204789,BIZBETA LTD,pm.me,unknown
2a06:1286:b00b:800::/53,United Kingdom,GB,Europe,EU,AS204789,BIZBETA LTD,pm.me,unknown
2a06:1286:b00b:1000::/52,United Kingdom,GB,Europe,EU,AS204789,BIZBETA LTD,pm.me,unknown
2a06:1286:b00b:2000::/51,United Kingdom,GB,Europe,EU,AS204789,BIZBETA LTD,pm.me,unknown
2a06:1286:b00b:4000::/50,United Kingdom,GB,Europe,EU,AS204789,BIZBETA LTD,pm.me,unknown
2a06:1286:b00b:8000::/49,United Kingdom,GB,Europe,EU,AS204789,BIZBETA LTD,pm.me,unknown
2a06:1286:b00c::/46,United Kingdom,GB,Europe,EU,AS204789,BIZBETA LTD,pm.me,unknown
2a06:1286:b010::/44,United Kingdom,GB,Europe,EU,AS204789,BIZBETA LTD,pm.me,unknown
2a06:1286:b020::/43,United Kingdom,GB,Europe,EU,AS204789,BIZBETA LTD,pm.me,unknown
2a06:1286:b040::/42,United Kingdom,GB,Europe,EU,AS204789,BIZBETA LTD,pm.me,unknown
2a06:1286:b080::/41,United Kingdom,GB,Europe,EU,AS204789,BIZBETA LTD,pm.me,unknown
2a06:1286:b100::/40,United Kingdom,GB,Europe,EU,AS204789,BIZBETA LTD,pm.me,unknown
2a06:1286:b200::/39,United Kingdom,GB,Europe,EU,AS204789,BIZBETA LTD,pm.me,unknown
2a06:1286:b400::/38,United Kingdom,GB,Europe,EU,AS204789,BIZBETA LTD,pm.me,unknown
2a06:1286:b800::/37,United Kingdom,GB,Europe,EU,AS204789,BIZBETA LTD,pm.me,unknown
2a06:1286:c000::/34,United Kingdom,GB,Europe,EU,AS204789,BIZBETA LTD,pm.me,unknown
2a06:a001:a0b0::/44,United Kingdom,GB,Europe,EU,AS204789,BIZBETA LTD,pm.me,unknown
2a06:a005:1db0::/44,United Kingdom,GB,Europe,EU,AS204789,BIZBETA LTD,pm.me,unknown
2a06:de06:385::/48,Curacao,CW,North America,NA,AS212080,Karafarini va FANAVARIHAYEH Novin Negin Pars Co PJS,neginpars.com,business
2a07:d887:6b00::/40,Iran,IR,Asia,AS,AS43357,Owl Limited,owl.net,global_cdn_edge
2a09:4c0:0:6d::/64,Iran,IR,Asia,AS,AS58057,Securebit AG,securebit.ch,global_cdn_edge
2a09:bac1:3800::/64,Iran,IR,Asia,AS,AS13335,"Cloudflare, Inc.",cloudflare.com,global_cdn_edge
2a09:bac1:3800:10::/64,Iran,IR,Asia,AS,AS13335,"Cloudflare, Inc.",cloudflare.com,global_cdn_edge
2a09:bac1:3800:18::/64,Iran,IR,Asia,AS,AS13335,"Cloudflare, Inc.",cloudflare.com,global_cdn_edge
2a09:bac1:3820::/64,Iran,IR,Asia,AS,AS13335,"Cloudflare, Inc.",cloudflare.com,global_cdn_edge
2a09:bac1:3820:10::/64,Iran,IR,Asia,AS,AS13335,"Cloudflare, Inc.",cloudflare.com,global_cdn_edge
2a09:bac1:3820:18::/64,Iran,IR,Asia,AS,AS13335,"Cloudflare, Inc.",cloudflare.com,global_cdn_edge
2a09:bac1:3840::/64,Iran,IR,Asia,AS,AS13335,"Cloudflare, Inc.",cloudflare.com,global_cdn_edge
2a09:bac1:3840:10::/64,Iran,IR,Asia,AS,AS13335,"Cloudflare, Inc.",cloudflare.com,global_cdn_edge
2a09:bac1:3840:18::/64,Iran,IR,Asia,AS,AS13335,"Cloudflare, Inc.",cloudflare.com,global_cdn_edge
2a09:bac1:3860::/64,Iran,IR,Asia,AS,AS13335,"Cloudflare, Inc.",cloudflare.com,global_cdn_edge
2a09:bac1:3860:10::/64,Iran,IR,Asia,AS,AS13335,"Cloudflare, Inc.",cloudflare.com,global_cdn_edge
2a09:bac1:3860:18::/64,Iran,IR,Asia,AS,AS13335,"Cloudflare, Inc.",cloudflare.com,global_cdn_edge
2a09:bac2:4130::/44,Iran,IR,Asia,AS,AS13335,"Cloudflare, Inc.",cloudflare.com,global_cdn_edge
2a09:bac2:4140::/45,Iran,IR,Asia,AS,AS13335,"Cloudflare, Inc.",cloudflare.com,global_cdn_edge
2a09:bac3:4130::/44,Iran,IR,Asia,AS,AS13335,"Cloudflare, Inc.",cloudflare.com,global_cdn_edge
2a09:bac3:4140::/45,Iran,IR,Asia,AS,AS13335,"Cloudflare, Inc.",cloudflare.com,global_cdn_edge
2a09:bac4:358::/45,Iran,IR,Asia,AS,AS13335,"Cloudflare, Inc.",cloudflare.com,global_cdn_edge
2a09:bac4:1358::/45,Iran,IR,Asia,AS,AS13335,"Cloudflare, Inc.",cloudflare.com,global_cdn_edge
2a09:bac5:41c8::/45,Iran,IR,Asia,AS,AS13335,"Cloudflare, Inc.",cloudflare.com,global_cdn_edge
2a09:bac5:41d0::/44,Iran,IR,Asia,AS,AS13335,"Cloudflare, Inc.",cloudflare.com,global_cdn_edge
2a09:bac6:41c8::/45,Iran,IR,Asia,AS,AS13335,"Cloudflare, Inc.",cloudflare.com,global_cdn_edge
2a09:bac6:41d0::/44,Iran,IR,Asia,AS,AS13335,"Cloudflare, Inc.",cloudflare.com,global_cdn_edge
2a0a:3e45:200::/40,Norway,NO,Europe,EU,AS213839,FRANK SOLLI,icloud.com,unknown
2a0a:6040:f97::/48,Iran,IR,Asia,AS,AS212532,XIAO YANG WEN RUI,acesheep.cn,global_cdn_edge
2a0a:6044:77fe:6b::/64,Iran,IR,Asia,AS,AS214242,Jiaxing Xing,wlms.dev,global_cdn_edge
2a0b:4e07:3:3640::/60,Iran,IR,Asia,AS,AS11967,Hop179 OU,hop179.net,global_cdn_edge
2a0c:9a40:95b6:8000::/52,Iran,IR,Asia,AS,AS203314,HATS NETWORK INC.,hatsnet.io,global_cdn_edge
2a0c:9a46:3fe:6b::/64,Iran,IR,Asia,AS,AS214242,Jiaxing Xing,wlms.dev,global_cdn_edge
2a0c:a7c6:2b::/48,Iran,IR,Asia,AS,AS205585,Noyan Abr Arvan Co. ( Private Joint Stock),arvancloud.ir,hosting
2a0c:a7c6:1000::/36,Iran,IR,Asia,AS,AS205585,Noyan Abr Arvan Co. ( Private Joint Stock),arvancloud.ir,hosting
2a0c:a7c7::/40,France,FR,Europe,EU,AS205585,Noyan Abr Arvan Co. ( Private Joint Stock),arvancloud.ir,hosting
2a0c:b641:450::/44,Brazil,BR,South America,SA,AS203731,Blazehosting LTDA,icloud.com,unknown
2a0d:2406:11ea::/48,The Netherlands,NL,Europe,EU,AS212025,Cukman Kresimir,potenting.com,unknown
2a0d:48c0::/29,Russia,RU,Europe,EU,AS204968,Volkov Andrey Vladimirovich,icloud.com,unknown
2a0d:4ac0::/40,France,FR,Europe,EU,AS205585,Noyan Abr Arvan Co. ( Private Joint Stock),arvancloud.ir,hosting
2a0d:6ec0::/29,Russia,RU,Europe,EU,AS204968,Volkov Andrey Vladimirovich,icloud.com,unknown
2a0d:9740::/29,Russia,RU,Europe,EU,AS204968,Volkov Andrey Vladimirovich,icloud.com,unknown
2a0d:b540::/29,Russia,RU,Europe,EU,AS204968,Volkov Andrey Vladimirovich,icloud.com,unknown
2a0d:b845::/32,Russia,RU,Europe,EU,AS204968,Volkov Andrey Vladimirovich,icloud.com,unknown
2a0e:19c2::/32,Russia,RU,Europe,EU,AS204968,Volkov Andrey Vladimirovich,icloud.com,unknown
2a0f:1cc5:20::/44,China,CN,Asia,AS,AS204518,Shiyu Zhou,icloud.com,unknown
2a0f:1cc5:1f97::/48,Iran,IR,Asia,AS,AS212532,XIAO YANG WEN RUI,acesheep.cn,global_cdn_edge
2a0f:9403:710::/44,Iran,IR,Asia,AS,AS214669,"STARLIGHT TECH TRADING CO., LIMITED",starshine.cloud,global_cdn_edge
2a0f:94c0:200::/48,United Arab Emirates,AE,Asia,AS,AS57568,ARVANCLOUD GLOBAL TECHNOLOGIES L.L.C,arvancloud.ae,unknown
2a0f:94c0:201::/64,United Arab Emirates,AE,Asia,AS,AS57568,ARVANCLOUD GLOBAL TECHNOLOGIES L.L.C,arvancloud.ae,unknown
2a0f:94c0:201:1::/64,Germany,DE,Europe,EU,AS57568,ARVANCLOUD GLOBAL TECHNOLOGIES L.L.C,arvancloud.ae,unknown
2a0f:94c0:201:2::/63,United Arab Emirates,AE,Asia,AS,AS57568,ARVANCLOUD GLOBAL TECHNOLOGIES L.L.C,arvancloud.ae,unknown
2a0f:94c0:201:4::/62,United Arab Emirates,AE,Asia,AS,AS57568,ARVANCLOUD GLOBAL TECHNOLOGIES L.L.C,arvancloud.ae,unknown
2a0f:94c0:201:8::/61,United Arab Emirates,AE,Asia,AS,AS57568,ARVANCLOUD GLOBAL TECHNOLOGIES L.L.C,arvancloud.ae,unknown
2a0f:94c0:201:10::/60,United Arab Emirates,AE,Asia,AS,AS57568,ARVANCLOUD GLOBAL TECHNOLOGIES L.L.C,arvancloud.ae,unknown
2a0f:94c0:201:20::/59,United Arab Emirates,AE,Asia,AS,AS57568,ARVANCLOUD GLOBAL TECHNOLOGIES L.L.C,arvancloud.ae,unknown
2a0f:94c0:201:40::/58,United Arab Emirates,AE,Asia,AS,AS57568,ARVANCLOUD GLOBAL TECHNOLOGIES L.L.C,arvancloud.ae,unknown
2a0f:94c0:201:80::/57,United Arab Emirates,AE,Asia,AS,AS57568,ARVANCLOUD GLOBAL TECHNOLOGIES L.L.C,arvancloud.ae,unknown
2a0f:94c0:201:100::/56,United Arab Emirates,AE,Asia,AS,AS57568,ARVANCLOUD GLOBAL TECHNOLOGIES L.L.C,arvancloud.ae,unknown
2a0f:94c0:201:200::/55,United Arab Emirates,AE,Asia,AS,AS57568,ARVANCLOUD GLOBAL TECHNOLOGIES L.L.C,arvancloud.ae,unknown
2a0f:94c0:201:400::/54,United Arab Emirates,AE,Asia,AS,AS57568,ARVANCLOUD GLOBAL TECHNOLOGIES L.L.C,arvancloud.ae,unknown
2a0f:94c0:201:800::/53,United Arab Emirates,AE,Asia,AS,AS57568,ARVANCLOUD GLOBAL TECHNOLOGIES L.L.C,arvancloud.ae,unknown
2a0f:94c0:201:1000::/52,United Arab Emirates,AE,Asia,AS,AS57568,ARVANCLOUD GLOBAL TECHNOLOGIES L.L.C,arvancloud.ae,unknown
2a0f:94c0:201:2000::/51,United Arab Emirates,AE,Asia,AS,AS57568,ARVANCLOUD GLOBAL TECHNOLOGIES L.L.C,arvancloud.ae,unknown
2a0f:94c0:201:4000::/50,United Arab Emirates,AE,Asia,AS,AS57568,ARVANCLOUD GLOBAL TECHNOLOGIES L.L.C,arvancloud.ae,unknown
2a0f:94c0:201:8000::/49,United Arab Emirates,AE,Asia,AS,AS57568,ARVANCLOUD GLOBAL TECHNOLOGIES L.L.C,arvancloud.ae,unknown
2a0f:94c0:202::/47,United Arab Emirates,AE,Asia,AS,AS57568,ARVANCLOUD GLOBAL TECHNOLOGIES L.L.C,arvancloud.ae,unknown
2a0f:94c0:204::/46,United Arab Emirates,AE,Asia,AS,AS57568,ARVANCLOUD GLOBAL TECHNOLOGIES L.L.C,arvancloud.ae,unknown
2a0f:94c0:208::/45,United Arab Emirates,AE,Asia,AS,AS57568,ARVANCLOUD GLOBAL TECHNOLOGIES L.L.C,arvancloud.ae,unknown
2a0f:94c0:210::/44,United Arab Emirates,AE,Asia,AS,AS57568,ARVANCLOUD GLOBAL TECHNOLOGIES L.L.C,arvancloud.ae,unknown
2a0f:94c0:220::/43,United Arab Emirates,AE,Asia,AS,AS57568,ARVANCLOUD GLOBAL TECHNOLOGIES L.L.C,arvancloud.ae,unknown
2a0f:94c0:240::/42,United Arab Emirates,AE,Asia,AS,AS57568,ARVANCLOUD GLOBAL TECHNOLOGIES L.L.C,arvancloud.ae,unknown
2a0f:94c0:280::/41,United Arab Emirates,AE,Asia,AS,AS57568,ARVANCLOUD GLOBAL TECHNOLOGIES L.L.C,arvancloud.ae,unknown
2a11:a580:3e00::/40,Iran,IR,Asia,AS,AS200927,ProxyOmega LTD,proxyomega.com,global_cdn_edge
2a12:6600::/29,Russia,RU,Europe,EU,AS204968,Volkov Andrey Vladimirovich,icloud.com,unknown
2a12:9e00::/29,Russia,RU,Europe,EU,AS204968,Volkov Andrey Vladimirovich,icloud.com,unknown
2a12:a504::/32,Russia,RU,Europe,EU,AS204968,Volkov Andrey Vladimirovich,icloud.com,unknown
2a12:bec4:12a6:24c1::/64,Iran,IR,Asia,AS,AS20473,"The Constant Company, LLC",constant.com,global_cdn_edge
2a12:bec4:12a6:24c2::/63,Iran,IR,Asia,AS,AS20473,"The Constant Company, LLC",constant.com,global_cdn_edge
2a12:bec4:12a6:24c4::/62,Iran,IR,Asia,AS,AS20473,"The Constant Company, LLC",constant.com,global_cdn_edge
2a12:bec4:12a6:24c8::/61,Iran,IR,Asia,AS,AS20473,"The Constant Company, LLC",constant.com,global_cdn_edge
2a12:bec4:12a6:24d0::/60,Iran,IR,Asia,AS,AS20473,"The Constant Company, LLC",constant.com,global_cdn_edge
2a12:bec4:12a6:24e0::/59,Iran,IR,Asia,AS,AS20473,"The Constant Company, LLC",constant.com,global_cdn_edge
2a12:bec4:12a6:2500::/59,Iran,IR,Asia,AS,AS20473,"The Constant Company, LLC",constant.com,global_cdn_edge
2a12:bec4:12a6:2520::/61,Iran,IR,Asia,AS,AS20473,"The Constant Company, LLC",constant.com,global_cdn_edge
2a12:bec4:12a6:2528::/62,Iran,IR,Asia,AS,AS20473,"The Constant Company, LLC",constant.com,global_cdn_edge
2a12:bec4:12a6:252c::/63,Iran,IR,Asia,AS,AS20473,"The Constant Company, LLC",constant.com,global_cdn_edge
2a12:bec4:12a6:252f::/64,Iran,IR,Asia,AS,AS20473,"The Constant Company, LLC",constant.com,global_cdn_edge
2a12:bec4:12a6:2530::/60,Iran,IR,Asia,AS,AS20473,"The Constant Company, LLC",constant.com,global_cdn_edge
2a12:bec4:12a6:2540::/58,Iran,IR,Asia,AS,AS20473,"The Constant Company, LLC",constant.com,global_cdn_edge
2a12:bec4:12a6:2580::/57,Iran,IR,Asia,AS,AS20473,"The Constant Company, LLC",constant.com,global_cdn_edge
2a12:bec4:12a6:2600::/55,Iran,IR,Asia,AS,AS20473,"The Constant Company, LLC",constant.com,global_cdn_edge
2a12:bec4:12a6:2800::/56,Iran,IR,Asia,AS,AS20473,"The Constant Company, LLC",constant.com,global_cdn_edge
2a12:bec4:12a6:2900::/61,Iran,IR,Asia,AS,AS20473,"The Constant Company, LLC",constant.com,global_cdn_edge
2a12:bec4:12a6:2908::/62,Iran,IR,Asia,AS,AS20473,"The Constant Company, LLC",constant.com,global_cdn_edge
2a12:bec4:12a6:290c::/63,Iran,IR,Asia,AS,AS20473,"The Constant Company, LLC",constant.com,global_cdn_edge
2a12:bec4:12a6:290f::/64,Iran,IR,Asia,AS,AS20473,"The Constant Company, LLC",constant.com,global_cdn_edge
2a12:bec4:12a6:2910::/62,Iran,IR,Asia,AS,AS20473,"The Constant Company, LLC",constant.com,global_cdn_edge
2a12:bec4:12a6:2914::/63,Iran,IR,Asia,AS,AS20473,"The Constant Company, LLC",constant.com,global_cdn_edge
2a12:bec4:12a6:2917::/64,Iran,IR,Asia,AS,AS20473,"The Constant Company, LLC",constant.com,global_cdn_edge
2a12:bec4:12a6:2918::/61,Iran,IR,Asia,AS,AS20473,"The Constant Company, LLC",constant.com,global_cdn_edge
2a12:bec4:12a6:2920::/59,Iran,IR,Asia,AS,AS20473,"The Constant Company, LLC",constant.com,global_cdn_edge
2a12:bec4:12a6:2940::/58,Iran,IR,Asia,AS,AS20473,"The Constant Company, LLC",constant.com,global_cdn_edge
2a12:bec4:12a6:2980::/57,Iran,IR,Asia,AS,AS20473,"The Constant Company, LLC",constant.com,global_cdn_edge
2a12:bec4:12a6:2a00::/57,Iran,IR,Asia,AS,AS20473,"The Constant Company, LLC",constant.com,global_cdn_edge
2a12:bec4:12a6:2a80::/59,Iran,IR,Asia,AS,AS20473,"The Constant Company, LLC",constant.com,global_cdn_edge
2a12:bec4:12a6:2aa0::/60,Iran,IR,Asia,AS,AS20473,"The Constant Company, LLC",constant.com,global_cdn_edge
2a12:bec4:12a6:2ab0::/63,Iran,IR,Asia,AS,AS20473,"The Constant Company, LLC",constant.com,global_cdn_edge
2a12:bec4:12a6:2ab2::/64,Iran,IR,Asia,AS,AS20473,"The Constant Company, LLC",constant.com,global_cdn_edge
2a12:bec4:12a6:2ab4::/62,Iran,IR,Asia,AS,AS20473,"The Constant Company, LLC",constant.com,global_cdn_edge
2a12:bec4:12a6:2ab8::/61,Iran,IR,Asia,AS,AS20473,"The Constant Company, LLC",constant.com,global_cdn_edge
2a12:bec4:12a6:2ac0::/58,Iran,IR,Asia,AS,AS20473,"The Constant Company, LLC",constant.com,global_cdn_edge
2a12:bec4:12a6:2b00::/57,Iran,IR,Asia,AS,AS20473,"The Constant Company, LLC",constant.com,global_cdn_edge
2a12:bec4:12a6:2b80::/59,Iran,IR,Asia,AS,AS20473,"The Constant Company, LLC",constant.com,global_cdn_edge
2a12:bec4:12a6:2ba0::/60,Iran,IR,Asia,AS,AS20473,"The Constant Company, LLC",constant.com,global_cdn_edge
2a12:bec4:12a6:2bb0::/61,Iran,IR,Asia,AS,AS20473,"The Constant Company, LLC",constant.com,global_cdn_edge
2a12:bec4:12a6:2bb8::/62,Iran,IR,Asia,AS,AS20473,"The Constant Company, LLC",constant.com,global_cdn_edge
2a12:bec4:12a6:2bbc::/64,Iran,IR,Asia,AS,AS20473,"The Constant Company, LLC",constant.com,global_cdn_edge
2a12:bec4:12a6:2bbe::/63,Iran,IR,Asia,AS,AS20473,"The Constant Company, LLC",constant.com,global_cdn_edge
2a12:bec4:12a6:2bc0::/61,Iran,IR,Asia,AS,AS20473,"The Constant Company, LLC",constant.com,global_cdn_edge
2a12:bec4:12a6:2bc8::/62,Iran,IR,Asia,AS,AS20473,"The Constant Company, LLC",constant.com,global_cdn_edge
2a12:bec4:12a6:2bcd::/64,Iran,IR,Asia,AS,AS20473,"The Constant Company, LLC",constant.com,global_cdn_edge
2a12:bec4:12a6:2bce::/63,Iran,IR,Asia,AS,AS20473,"The Constant Company, LLC",constant.com,global_cdn_edge
2a12:bec4:12a6:2bd0::/60,Iran,IR,Asia,AS,AS20473,"The Constant Company, LLC",constant.com,global_cdn_edge
2a12:bec4:12a6:2be0::/62,Iran,IR,Asia,AS,AS20473,"The Constant Company, LLC",constant.com,global_cdn_edge
2a12:bec4:12a6:2be4::/63,Iran,IR,Asia,AS,AS20473,"The Constant Company, LLC",constant.com,global_cdn_edge
2a12:bec4:12a6:2be7::/64,Iran,IR,Asia,AS,AS20473,"The Constant Company, LLC",constant.com,global_cdn_edge
2a12:bec4:12a6:2be8::/63,Iran,IR,Asia,AS,AS20473,"The Constant Company, LLC",constant.com,global_cdn_edge
2a12:bec4:12a6:2bea::/64,Iran,IR,Asia,AS,AS20473,"The Constant Company, LLC",constant.com,global_cdn_edge
2a12:bec4:12a6:2bec::/62,Iran,IR,Asia,AS,AS20473,"The Constant Company, LLC",constant.com,global_cdn_edge
2a12:bec4:12a6:2bf0::/61,Iran,IR,Asia,AS,AS20473,"The Constant Company, LLC",constant.com,global_cdn_edge
2a12:bec4:12a6:2bf8::/62,Iran,IR,Asia,AS,AS20473,"The Constant Company, LLC",constant.com,global_cdn_edge
2a12:bec4:12a6:2bfc::/63,Iran,IR,Asia,AS,AS20473,"The Constant Company, LLC",constant.com,global_cdn_edge
2a12:bec4:12a6:2bfe::/64,Iran,IR,Asia,AS,AS20473,"The Constant Company, LLC",constant.com,global_cdn_edge
2a12:bec4:12a8:7100::/56,Iran,IR,Asia,AS,AS20473,"The Constant Company, LLC",constant.com,global_cdn_edge
2a12:f001:2000::/36,Iran,IR,Asia,AS,AS207432,CoreStream LLC,corestream.network,global_cdn_edge
2a12:f381:6100::/40,Iran,IR,Asia,AS,AS6775,Andreas Fink trading as Fink Telecom Services GmbH,fink-telecom.com,global_cdn_edge
2a12:f382:6100::/40,Iran,IR,Asia,AS,AS6775,Andreas Fink trading as Fink Telecom Services GmbH,fink-telecom.com,global_cdn_edge
2a12:f8c3:1:6d74::/64,Iran,IR,Asia,AS,AS38136,Akari Networks,akari.hk,global_cdn_edge
2a12:f8c3:1:6d94::/64,Iran,IR,Asia,AS,AS38136,Akari Networks,akari.hk,global_cdn_edge
2a13:6bc3::/32,Iran,IR,Asia,AS,AS8772,NLineLLC,netassist.ua,global_cdn_edge
2a13:a5c7:256c::/48,Iran,IR,Asia,AS,AS203314,HATS NETWORK INC.,hatsnet.io,global_cdn_edge
2a13:a5c7:25ff:6b00::/56,Iran,IR,Asia,AS,AS203314,HATS NETWORK INC.,hatsnet.io,global_cdn_edge
2a14:1c2:e000::/37,Iran,IR,Asia,AS,AS212238,Datacamp Limited,datacamp.co.uk,global_cdn_edge
2a14:7c0:6000::/40,The Netherlands,NL,Europe,EU,AS214515,Amir Mohammad Masoudi,nahor.io,hosting
2a14:5ac0::/32,United States,US,North America,NA,AS205415,Hossein Ashraf Semnani,linkedin.com,business
2a14:67c2:850:1::/64,Iran,IR,Asia,AS,AS214848,"Tianjin Compatible Network Technology Co., Ltd.",phantasy.life,global_cdn_edge
2a14:67c2:850:2::/63,Iran,IR,Asia,AS,AS214848,"Tianjin Compatible Network Technology Co., Ltd.",phantasy.life,global_cdn_edge
2a14:67c2:850:4::/62,Iran,IR,Asia,AS,AS214848,"Tianjin Compatible Network Technology Co., Ltd.",phantasy.life,global_cdn_edge
2a14:67c2:850:8::/61,Iran,IR,Asia,AS,AS214848,"Tianjin Compatible Network Technology Co., Ltd.",phantasy.life,global_cdn_edge
2a14:67c2:850:10::/60,Iran,IR,Asia,AS,AS214848,"Tianjin Compatible Network Technology Co., Ltd.",phantasy.life,global_cdn_edge
2a14:67c2:850:20::/59,Iran,IR,Asia,AS,AS214848,"Tianjin Compatible Network Technology Co., Ltd.",phantasy.life,global_cdn_edge
2a14:67c2:850:40::/58,Iran,IR,Asia,AS,AS214848,"Tianjin Compatible Network Technology Co., Ltd.",phantasy.life,global_cdn_edge
2a14:67c2:850:80::/57,Iran,IR,Asia,AS,AS214848,"Tianjin Compatible Network Technology Co., Ltd.",phantasy.life,global_cdn_edge
2a14:67c2:850:100::/56,Iran,IR,Asia,AS,AS214848,"Tianjin Compatible Network Technology Co., Ltd.",phantasy.life,global_cdn_edge
2a14:67c2:850:200::/55,Iran,IR,Asia,AS,AS214848,"Tianjin Compatible Network Technology Co., Ltd.",phantasy.life,global_cdn_edge
2a14:67c2:850:400::/54,Iran,IR,Asia,AS,AS214848,"Tianjin Compatible Network Technology Co., Ltd.",phantasy.life,global_cdn_edge
2a14:67c2:850:800::/53,Iran,IR,Asia,AS,AS214848,"Tianjin Compatible Network Technology Co., Ltd.",phantasy.life,global_cdn_edge
2a14:67c2:850:1000::/52,Iran,IR,Asia,AS,AS214848,"Tianjin Compatible Network Technology Co., Ltd.",phantasy.life,global_cdn_edge
2a14:67c2:850:2000::/51,Iran,IR,Asia,AS,AS214848,"Tianjin Compatible Network Technology Co., Ltd.",phantasy.life,global_cdn_edge
2a14:67c2:850:4000::/50,Iran,IR,Asia,AS,AS214848,"Tianjin Compatible Network Technology Co., Ltd.",phantasy.life,global_cdn_edge
2a14:67c2:850:8000::/49,Iran,IR,Asia,AS,AS214848,"Tianjin Compatible Network Technology Co., Ltd.",phantasy.life,global_cdn_edge
2a14:67c2:8f5:1::/64,Iran,IR,Asia,AS,AS214848,"Tianjin Compatible Network Technology Co., Ltd.",phantasy.life,global_cdn_edge
2a14:67c2:8f5:2::/63,Iran,IR,Asia,AS,AS214848,"Tianjin Compatible Network Technology Co., Ltd.",phantasy.life,global_cdn_edge
2a14:67c2:8f5:4::/62,Iran,IR,Asia,AS,AS214848,"Tianjin Compatible Network Technology Co., Ltd.",phantasy.life,global_cdn_edge
2a14:67c2:8f5:8::/61,Iran,IR,Asia,AS,AS214848,"Tianjin Compatible Network Technology Co., Ltd.",phantasy.life,global_cdn_edge
2a14:67c2:8f5:10::/60,Iran,IR,Asia,AS,AS214848,"Tianjin Compatible Network Technology Co., Ltd.",phantasy.life,global_cdn_edge
2a14:67c2:8f5:20::/59,Iran,IR,Asia,AS,AS214848,"Tianjin Compatible Network Technology Co., Ltd.",phantasy.life,global_cdn_edge
2a14:67c2:8f5:40::/58,Iran,IR,Asia,AS,AS214848,"Tianjin Compatible Network Technology Co., Ltd.",phantasy.life,global_cdn_edge
2a14:67c2:8f5:80::/57,Iran,IR,Asia,AS,AS214848,"Tianjin Compatible Network Technology Co., Ltd.",phantasy.life,global_cdn_edge
2a14:67c2:8f5:100::/56,Iran,IR,Asia,AS,AS214848,"Tianjin Compatible Network Technology Co., Ltd.",phantasy.life,global_cdn_edge
2a14:67c2:8f5:200::/55,Iran,IR,Asia,AS,AS214848,"Tianjin Compatible Network Technology Co., Ltd.",phantasy.life,global_cdn_edge
2a14:67c2:8f5:400::/54,Iran,IR,Asia,AS,AS214848,"Tianjin Compatible Network Technology Co., Ltd.",phantasy.life,global_cdn_edge
2a14:67c2:8f5:800::/53,Iran,IR,Asia,AS,AS214848,"Tianjin Compatible Network Technology Co., Ltd.",phantasy.life,global_cdn_edge
2a14:67c2:8f5:1000::/52,Iran,IR,Asia,AS,AS214848,"Tianjin Compatible Network Technology Co., Ltd.",phantasy.life,global_cdn_edge
2a14:67c2:8f5:2000::/51,Iran,IR,Asia,AS,AS214848,"Tianjin Compatible Network Technology Co., Ltd.",phantasy.life,global_cdn_edge
2a14:67c2:8f5:4000::/50,Iran,IR,Asia,AS,AS214848,"Tianjin Compatible Network Technology Co., Ltd.",phantasy.life,global_cdn_edge
2a14:67c2:8f5:8000::/49,Iran,IR,Asia,AS,AS214848,"Tianjin Compatible Network Technology Co., Ltd.",phantasy.life,global_cdn_edge
2a14:7580:cf6b::/48,Iran,IR,Asia,AS,AS210464,AVS ISP,avsisp.com,global_cdn_edge
2a14:7581:b13:6900::/56,Iran,IR,Asia,AS,AS214575,"Curious Universe (Chongqing) Technology Co., Ltd",haoqiyuzhou.com,global_cdn_edge
2a14:7581:3b70::/48,Iran,IR,Asia,AS,AS20473,"The Constant Company, LLC",constant.com,global_cdn_edge
2a14:9e00:200::/64,The Netherlands,NL,Europe,EU,AS214515,Amir Mohammad Masoudi,nahor.io,hosting
2a14:9e00:200:1::/64,Iran,IR,Asia,AS,AS214515,Amir Mohammad Masoudi,nahor.io,hosting
2a14:9e00:200:2::/63,Iran,IR,Asia,AS,AS214515,Amir Mohammad Masoudi,nahor.io,hosting
2a14:9e00:200:4::/62,Iran,IR,Asia,AS,AS214515,Amir Mohammad Masoudi,nahor.io,hosting
2a14:9e00:200:8::/61,Iran,IR,Asia,AS,AS214515,Amir Mohammad Masoudi,nahor.io,hosting
2a14:9e00:200:10::/60,Iran,IR,Asia,AS,AS214515,Amir Mohammad Masoudi,nahor.io,hosting
2a14:9e00:200:20::/59,Iran,IR,Asia,AS,AS214515,Amir Mohammad Masoudi,nahor.io,hosting
2a14:9e00:200:40::/58,Iran,IR,Asia,AS,AS214515,Amir Mohammad Masoudi,nahor.io,hosting
2a14:9e00:200:80::/57,Iran,IR,Asia,AS,AS214515,Amir Mohammad Masoudi,nahor.io,hosting
2a14:9e00:200:100::/56,Iran,IR,Asia,AS,AS214515,Amir Mohammad Masoudi,nahor.io,hosting
2a14:9e00:200:200::/55,Iran,IR,Asia,AS,AS214515,Amir Mohammad Masoudi,nahor.io,hosting
2a14:9e00:200:400::/54,Iran,IR,Asia,AS,AS214515,Amir Mohammad Masoudi,nahor.io,hosting
2a14:9e00:200:800::/53,Iran,IR,Asia,AS,AS214515,Amir Mohammad Masoudi,nahor.io,hosting
2a14:9e00:200:1000::/52,Iran,IR,Asia,AS,AS214515,Amir Mohammad Masoudi,nahor.io,hosting
2a14:9e00:200:2000::/51,Iran,IR,Asia,AS,AS214515,Amir Mohammad Masoudi,nahor.io,hosting
2a14:9e00:200:4000::/50,Iran,IR,Asia,AS,AS214515,Amir Mohammad Masoudi,nahor.io,hosting
2a14:9e00:200:8000::/49,Iran,IR,Asia,AS,AS214515,Amir Mohammad Masoudi,nahor.io,hosting
2a14:9e00:201::/48,Iran,IR,Asia,AS,AS214515,Amir Mohammad Masoudi,nahor.io,hosting
2a14:9e00:202::/47,Iran,IR,Asia,AS,AS214515,Amir Mohammad Masoudi,nahor.io,hosting
2a14:9e00:204::/46,Iran,IR,Asia,AS,AS214515,Amir Mohammad Masoudi,nahor.io,hosting
2a14:9e00:208::/45,Iran,IR,Asia,AS,AS214515,Amir Mohammad Masoudi,nahor.io,hosting
2a14:9e00:210::/44,Iran,IR,Asia,AS,AS214515,Amir Mohammad Masoudi,nahor.io,hosting
2a14:9e00:220::/43,Iran,IR,Asia,AS,AS214515,Amir Mohammad Masoudi,nahor.io,hosting
2a14:9e00:240::/42,Iran,IR,Asia,AS,AS214515,Amir Mohammad Masoudi,nahor.io,hosting
2a14:9e00:280::/41,Iran,IR,Asia,AS,AS214515,Amir Mohammad Masoudi,nahor.io,hosting
2a14:a902::/32,United Kingdom,GB,Europe,EU,AS213565,Badonde Networks,icloud.com,unknown
2a14:c380:7a6::/48,Iran,IR,Asia,AS,AS200950,Calibour Limited,calibour.com,global_cdn_edge
2c0f:5140::/32,Mauritius,MU,Africa,AF,AS328728,Outremer Telecom Digital Solutions Ltd,linkedin.com,unknown
